{
    "fields": [
        {
            "type": "number",
            "name": "id",
            "internal": false,
            "key": true,
            "oid": "be81420d-364e-41a7-abd8-81fcbf0cf204",
            "required": true,
            "unique": true,
            "displayLabel": "Id"
        },
        {
            "type": "datetime",
            "name": "creationDate",
            "internal": false,
            "oid": "a7166cac-4719-450b-980c-8eebacc7f736",
            "displayLabel": "Created",
            "historyType": "timeCreated"
        },
        {
            "type": "datetime",
            "name": "lastUpdateDate",
            "internal": false,
            "oid": "aa8e1c88-c85a-4ada-8554-6d500a6c5b8f",
            "displayLabel": "Last Updated",
            "historyType": "timeUpdated"
        },
        {
            "type": "string",
            "name": "createdBy",
            "internal": false,
            "oid": "10190357-b09b-4400-a1fc-f50767f4e033",
            "displayLabel": "Created By",
            "historyType": "createdBy"
        },
        {
            "type": "string",
            "name": "lastUpdatedBy",
            "internal": false,
            "oid": "adfaef62-5177-42f8-b050-2ce248475606",
            "displayLabel": "Last Updated By",
            "historyType": "updatedBy"
        },
{
            "type": "number",
            "name": "versionNumber",
            "internal": false,
            "oid": "c82f8bdf-8f7b-4d1e-93a3-1f685ac0005b",
            "displayLabel": "Version Number",
            "historyType": "versionNumber"
        },
        {
            "type": "number",
            "name": "timeTableID",
            "oid": "8548f771-a116-448e-b8d3-89ab6dc9a8f5",
            "displayLabel": "timeTableID"
        }        ,
        {
            "type": "string",
            "name": "tTName",
            "oid": "e7914a1c-e86e-420c-93b9-66fabb6dc02b",
            "displayLabel": "tTName"
        }        ,
        {
            "type": "string",
            "name": "tTStartDate",
            "oid": "3cc11c42-8525-4629-8c16-c42d07d8e607",
            "displayLabel": "tTStartDate"
        }        ,
        {
            "type": "string",
            "name": "tTEndDate",
            "oid": "2e7a2a77-6a7c-44ba-bd26-05d2e03a4118",
            "displayLabel": "tTEndDate"
        }        ,
        {
            "type": "string",
            "name": "status",
            "oid": "0cea2709-2ee9-4a74-8f38-7b3ab2768717",
            "displayLabel": "status"
        }        ,
        {
            "type": "string",
            "name": "statusDate",
            "oid": "7f86012f-9800-4950-839d-03fd9eefde62",
            "displayLabel": "statusDate"
        }
    ],
    "name": "SearchTT",
    "oid": "62f027f7-f48f-4df9-9a26-6a6357d258b1",
    "displayLabel": "Search T T"
}