{
    "openapi": "3.0.0",
    "info": {
        "title": "Ords Erp Common",
        "version": "1.0.0",
        "x-vb": {
            "transforms": {
                "path": "../transforms.js"
            }
        }
    },
    "servers": [
        {
            "url": "https://g4ed36b38896702-atpdevdb.adb.uk-london-1.oraclecloudapps.com/ords/erp/common/lookup",
            "description": "Ords Common"
        }
    ],
    "paths": {
        "/hdr/": {
            "get": {
                "operationId": "getlookupHdr",
                "parameters": [
                    {
                        "name": "p_lookup_type",
                        "in": "query",
                        "schema": {
                            "type": "string"
                        }
                    },
                    {
                        "name": "p_lookup_code",
                        "in": "query",
                        "schema": {
                            "type": "string"
                        }
                    }
                ],
                "responses": {
                    "default": {
                        "description": "Response for default",
                        "content": {
                            "application/json": {
                                "schema": {
                                    "$ref": "#/components/schemas/GetHdr"
                                },
                                "examples": {
                                    "vb": {
                                        "summary": "Example stored by VB User",
                                        "externalValue": "./examples/getlookupHdr/response_default_application_json_vb.json"
                                    }
                                }
                            }
                        }
                    }
                },
                "x-vb": {
                    "actionHint": "getMany"
                }
            },
            "post": {
                "operationId": "postHdr",
                "requestBody": {
                    "description": "Request for application/json",
                    "content": {
                        "application/json": {
                            "examples": {
                                "vb": {
                                    "summary": "Example stored by VB User",
                                    "externalValue": "./examples/postHdr/request_application_json_vb.json"
                                }
                            },
                            "schema": {
                                "$ref": "#/components/schemas/PostHdrRequest"
                            }
                        }
                    }
                },
                "responses": {
                    "default": {
                        "description": "Response for default",
                        "content": {
                            "application/json": {
                                "schema": {
                                    "$ref": "#/components/schemas/PostHdrResponse"
                                },
                                "examples": {
                                    "vb": {
                                        "summary": "Example stored by VB User",
                                        "externalValue": "./examples/postHdr/response_default_application_json_vb.json"
                                    }
                                }
                            }
                        }
                    }
               },
                "x-vb": {
                    "actionHint": "create"
                }
            }
        },
        "/details/": {
            "get": {
                "operationId": "getLookupDetails",
                "parameters": [
                    {
                        "name": "p_lookup_type",
                        "in": "query",
                        "schema": {
                            "type": "string"
                        }
                    }
                ],
                "responses": {
                    "default": {
                        "description": "Response for default",
                        "content": {
                            "application/json": {
                                "schema": {
                                    "$ref": "#/components/schemas/GetDetails"
                                },
                                "examples": {
                                    "vb": {
                                        "summary": "Example stored by VB User",
                                        "externalValue": "./examples/getLookupDetails/response_default_application_json_vb.json"
                                    }
                                }
                            }
                        }
                    }
                },
                "x-vb": {
                    "actionHint": "getMany"
                }
            },
            "post": {
                "operationId": "postDetails",
                "responses": {
                    "default": {
                        "description": "Default response",
                        "content": {
                            "application/json": {
                                "schema": {
                                    "$ref": "#/components/schemas/PostDetailsResponse"
                                },
                                "examples": {
                                    "vb": {
                                        "summary": "Example stored by VB User",
                                        "externalValue": "./examples/postDetails/response_default_application_json_vb.json"
                                    }
                                }
                            }
                        }
                    }
               },
                "x-vb": {
                    "actionHint": "create"
                },
                "requestBody": {
                    "description": "Request for application/json",
                    "content": {
                        "application/json": {
                            "schema": {
                                "$ref": "#/components/schemas/PostDetailsRequest"
                            },
                            "examples": {
                                "vb": {
                                    "summary": "Example stored by VB User",
                                    "externalValue": "./examples/postDetails/request_application_json_vb.json"
                                }
                            }
                        }
                    }
                }
            }
        },
        "/lookupCodeLOV": {
            "get": {
                "operationId": "getLookupCodeLOV",
                "responses": {
                    "default": {
                        "description": "Response for default",
                        "content": {
                            "application/json": {
                                "schema": {
                                    "$ref": "#/components/schemas/GetLookupCodeLOV"
                                },
                                "examples": {
                                    "vb": {
                                        "summary": "Example stored by VB User",
                                        "externalValue": "./examples/getLookupCodeLOV/response_default_application_json_vb.json"
                                    }
                                }
                            }
                        }
                    }
                },
                "x-vb": {
                    "actionHint": "getMany"
                }
            }
        },
        "/lookupTypeLOV": {
            "get": {
                "operationId": "getLookupTypeLOV",
                "responses": {
                    "default": {
                        "description": "Response for default",
                        "content": {
                            "application/json": {
                                "schema": {
                                    "$ref": "#/components/schemas/GetLookupTypeLOV"
                                },
                                "examples": {
                                    "vb": {
                                        "summary": "Example stored by VB User",
                                        "externalValue": "./examples/getLookupTypeLOV/response_default_application_json_vb.json"
                                    }
                                }
                            }
                        }
                    }
                },
                "x-vb": {
                    "actionHint": "getMany"
                }
            }
        }
    },
    "components": {
        "schemas": {
            "GetHdr": {
                "type": "object",
                "properties": {
                    "items": {
                        "type": "array",
                        "items": {
                            "type": "object",
                            "properties": {
                                "lookup_id": {
                                    "type": "integer"
                                },
                                "lookup_code": {
                                    "type": "string"
                                },
                                "lookup_name": {
                                    "type": "string"
                                },
                                "creation_date": {
                                    "nullable": true
                                },
                                "created_by": {
                                    "nullable": true
                                },
                                "last_update_date": {
                                    "nullable": true
                                },
                                "last_updated_by": {
                                    "nullable": true
                                },
                                "last_update_login": {
                                    "nullable": true
                                },
                                "attribute_category": {
                                    "nullable": true
                                },
                                "attribute1": {
                                    "nullable": true
                                },
                                "attribute2": {
                                    "nullable": true
                                },
                                "attribute3": {
                                    "nullable": true
                                },
                                "attribute4": {
                                    "nullable": true
                                },
                                "attribute5": {
                                    "nullable": true
                                },
                                "attribute6": {
                                    "nullable": true
                                },
                                "attribute7": {
                                    "nullable": true
                                },
                                "attribute8": {
                                    "nullable": true
                                },
                                "attribute9": {
                                    "nullable": true
                                },
                                "attribute10": {
                                    "nullable": true
                                },
                                "attribute11": {
                                    "nullable": true
                                },
                                "attribute12": {
                                    "nullable": true
                                },
                                "attribute13": {
                                    "nullable": true
                                },
                                "attribute14": {
                                    "nullable": true
                                },
                                "attribute15": {
                                    "nullable": true
                                }
                            }
                     }
                    },
                    "hasMore": {
                        "type": "boolean"
                    },
                    "limit": {
                        "type": "integer"
                    },
                    "offset": {
                        "type": "integer"
                    },
                    "count": {
                        "type": "integer"
                    },
                    "links": {
                        "type": "array",
                        "items": {
                            "type": "object",
                            "properties": {
                                "rel": {
                                    "type": "string"
                                },
                                "href": {
                                    "type": "string"
                                }
                            }
                        }
                    }
                }
            },
            "GetDetails": {
                "type": "object",
                "properties": {
                    "items": {
                        "type": "array",
                        "items": {
                            "type": "object",
                            "properties": {
                                "lookup_id": {
                                    "type": "integer"
                                },
                                "value": {
                                    "type": "string"
                                },
                                "meaning": {
                                    "type": "string"
                                },
                                "description": {
                                    "type": "string"
                                },
                                "tag": {
                                    "nullable": true
                                },
                                "enabled_flag": {
                                    "type": "string"
                                },
                                "start_date_active": {
                                    "type": "string"
                                },
                                "end_date_active": {
                                    "nullable": true
                                },
                                "creation_date": {
                                    "nullable": true
                                },
                                "created_by": {
                                    "nullable": true
                                },
                                "last_update_date": {
                                    "nullable": true
                                },
                                "last_updated_by": {
                                    "nullable": true
                                },
                                "last_update_login": {
                                    "nullable": true
                                },
                                "attribute_category": {
                                    "nullable": true
                                },
                                "attribute1": {
                                    "type": "string"
                                },
                                "attribute2": {
                                    "nullable": true
                                },
                                "attribute3": {
                                    "nullable": true
                                },
                                "attribute4": {
                                    "nullable": true
                                },
                                "attribute5": {
                                    "nullable": true
                                },
                                "attribute6": {
                                    "nullable": true
                                },
                                "attribute7": {
                                    "nullable": true
                                },
                                "attribute8": {
                                    "nullable": true
                                },
                                "attribute9": {
                                    "nullable": true
                                },
                                "attribute10": {
                                    "nullable": true
                                },
                                "attribute11": {
                                    "nullable": true
                                },
                                "attribute12": {
                                    "nullable": true
                                },
                                "attribute13": {
                                    "nullable": true
                                },
                                "attribute14": {
                                    "nullable": true
                                },
                                "attribute15": {
                                    "nullable": true
                                }
                            }
                        }
                    },
                    "hasMore": {
                        "type": "boolean"
                    },
                    "limit": {
                        "type": "integer"
                    },
                    "offset": {
                        "type": "integer"
                    },
                    "count": {
                        "type": "integer"
                    },
                    "links": {
                        "type": "array",
                        "items": {
                            "type": "object",
                            "properties": {
                                "rel": {
                                    "type": "string"
                                },
                                "href": {
                                    "type": "string"
                                }
                            }
                        }
                    }
                }
            },
            "GetLookupCodeLOV": {
                "type": "object",
                "properties": {
                    "items": {
                        "type": "array",
                        "items": {
                            "type": "object",
                            "properties": {
                                "lookup_code": {
                                    "type": "string"
                                }
                            }
                        }
                    },
                    "hasMore": {
                        "type": "boolean"
                    },
                    "limit": {
                        "type": "integer"
                    },
                    "offset": {
                        "type": "integer"
                    },
                    "count": {
                        "type": "integer"
                    },
                    "links": {
                        "type": "array",
                        "items": {
                            "type": "object",
                            "properties": {
                                "rel": {
                                    "type": "string"
                                },
                                "href": {
                                    "type": "string"
                                }
                            }
                        }
                    }
                }
            },
            "GetLookupTypeLOV": {
                "type": "object",
                "properties": {
                    "items": {
                        "type": "array",
                        "items": {
                            "type": "object",
                            "properties": {
                                "lookup_type": {
                                    "type": "string"
                                }
                            }
                        }
                    },
                    "hasMore": {
                        "type": "boolean"
                    },
                    "limit": {
                        "type": "integer"
                    },
                    "offset": {
                        "type": "integer"
                    },
                    "count": {
                        "type": "integer"
                    },
                    "links": {
                        "type": "array",
                        "items": {
                            "type": "object",
                            "properties": {
                                "rel": {
                                    "type": "string"
                                },
                                "href": {
                                    "type": "string"
                                }
                            }
                        }
                    }
                }
            },
            "PostHdrResponse": {
                "type": "object",
                "properties": {
                    "Results": {
                        "type": "string"
                    },
                    "Status": {
                        "type": "string"
                    }
                }
            },
            "PostHdrRequest": {
                "type": "object",
                "properties": {
                    "lookup_id": {
                        "type": "integer"
                    },
                    "lookup_code": {
                        "type": "string"
                    },
                    "lookup_name": {
                        "type": "string"
                    },
                    "creation_date": {
                        "nullable": true
                    },
                    "created_by": {
                        "nullable": true
                    },
                    "last_update_date": {
                        "nullable": true
                    },
                    "last_updated_by": {
                        "nullable": true
                    },
                    "last_update_login": {
                        "nullable": true
                    },
                    "attribute_category": {
                        "nullable": true
                    },
                    "attribute1": {
                        "nullable": true
                    },
                    "attribute2": {
                        "nullable": true
                    },
                    "attribute3": {
                        "type": "string"
                    },
                    "attribute4": {
                        "nullable": true
                    },
                    "attribute5": {
                        "nullable": true
                    },
                    "attribute6": {
                        "nullable": true
                    },
                    "attribute7": {
                        "nullable": true
                    },
                    "attribute8": {
                        "nullable": true
                    },
                    "attribute9": {
                        "nullable": true
                    },
                    "attribute10": {
                        "nullable": true
                    },
                    "attribute11": {
                        "nullable": true
                    },
                    "attribute12": {
                        "nullable": true
                    },
                    "attribute13": {
                        "nullable": true
                    },
                    "attribute14": {
                        "nullable": true
                    },
                    "attribute15": {
                        "nullable": true
                    }
                }
            },
            "PostDetailsRequest": {
                "type": "object",
                "properties": {
                    "lookup_id": {
                        "type": "integer"
                    },
                    "value": {
                        "type": "string"
                    },
                    "meaning": {
                        "type": "string"
                    },
                    "description": {
                        "type": "string"
                    },
                    "tag": {
                        "nullable": true
                    },
                    "enabled_flag": {
                        "type": "string"
                    },
                    "start_date_active": {
                        "type": "string"
                    },
                    "end_date_active": {
                        "nullable": true
                    },
                    "creation_date": {
                        "nullable": true
                    },
                    "created_by": {
                        "nullable": true
                    },
                    "last_update_date": {
                        "nullable": true
                    },
                    "last_updated_by": {
                        "nullable": true
                    },
                    "last_update_login": {
                        "nullable": true
                    },
                    "attribute_category": {
                        "nullable": true
                    },
                    "attribute1": {
                        "type": "string"
                    },
                    "attribute2": {
                        "nullable": true
                    },
                    "attribute3": {
                        "nullable": true
                    },
                    "attribute4": {
                        "nullable": true
                    },
                    "attribute5": {
                        "nullable": true
                    },
                    "attribute6": {
                        "nullable": true
                    },
                    "attribute7": {
                        "nullable": true
                    },
                    "attribute8": {
                        "nullable": true
                    },
                    "attribute9": {
                        "nullable": true
                    },
                    "attribute10": {
                        "nullable": true
                    },
                    "attribute11": {
                        "nullable": true
                    },
                    "attribute12": {
                        "nullable": true
                    },
                    "attribute13": {
                        "nullable": true
                    },
                    "attribute14": {
                        "nullable": true
                    },
                    "attribute15": {
                        "nullable": true
                    }
                }
            },
            "PostDetailsResponse": {
                "type": "object",
                "properties": {
                    "Results": {
                        "type": "string"
                    },
                    "Status": {
                        "type": "string"
                    }
                }
            }
        }
    }
}