{
    "description": "",
    "routerFlow": "itemoverview",
    "variables": {
      "messageToast": {
        "type": "string"
      },
      "messagesBannerADP": {
        "type": "vb/ArrayDataProvider2",
        "defaultValue": {
          "itemType": "MessagesBannerType",
          "keyAttributes": "id"
        }
      },
      "messageId": {
        "type": "number",
        "defaultValue": 1
      }
    },
    "metadata": {},
    "types": {
      "MessagesBannerType": {
        "id": "number",
        "messageType": "string",
        "primaryText": "string",
        "primaryActionLabel": "string",
        "secondaryText": "any",
        "secondaryActionLabel": "string"
      }
    },
    "eventListeners": {
    "application:spShowToast": {
      "chains": [
        {
          "parameters": {
            "event": "{{ $event }}"
          },
          "chain": "showMessageToast"
        }
      ]
    },
    "messagesBannerSpClose": {
      "chains": [
        {
          "parameters": {
            "event": "{{ $event }}"
          },
          "chain": "closeMessageBanner"
        }
      ]
    },
    "vbNotification": {
      "chains": [
        {
          "parameters": {
            "event": "{{ $event }}"
          },
          "chain": "showNotificationMessage"
        }
      ]
    }
    },
    "imports": {
    "components": {
      "oj-messages": {
        "path": "ojs/ojmessages"
      },
      "oj-sp-in-app-navigation": {
        "path": "oj-sp/in-app-navigation/loader"
      },
      "oj-sp-messages-banner": {
        "path": "oj-sp/messages-banner/loader"
      },
      "oj-sp-messages-toast": {
        "path": "oj-sp/messages-toast/loader"
      }

    }
    },
    "translations": {}
  }