{
    "vbcs.dt.version": "20240312-24.07.1",
    "version": "2404.0.1",
    "source.version": "2404",
    "rootURL": "vbcookbook",
    "features": {
        "codeChainsEnabled": true
    },
    "dependencies": {
        "upgrade": "micro",
        "paths": {
            "jet": "https://static.oracle.com/cdn/jet/15.1.5",
            "visualRuntime": "https://static.oracle.com/cdn/vb/2404.5.0",
            "telemetry": "https://static.oracle.com/cdn/trace/8.0.0",
            "oracleImageGallery": "https://static.oracle.com/cdn/fnd/gallery/2404.0.1"
        }
    },
    "migration": {
        "2404": [
            "MetadataRulesMigrator"
        ]
    }
}