{
  "component-dependencies": {
    "oj-sp": {
      "version": "2404.8.0",
      "components": {
        "messages-banner": "2404.8.0",
        "messages-toast": "2404.8.0",
        "in-app-navigation": "2404.8.0",
        "smart-search-page": "2404.8.0",
        "collection-container": "2404.8.0",
        "list-item-template": "2404.8.0",
        "empty-state": "2404.8.0",
        "dashboard-landing-page": "2404.8.0",
        "scoreboard": "2404.8.0",
        "dashboard-grid": "2404.8.0",
        "dashboard-panel": "2404.8.0"
      }
    }
  }
 }