{
    "fields": [
        {
            "type": "number",
            "name": "id",
            "internal": false,
            "key": true,
            "oid": "1b4a8328-54eb-425b-ba0f-858efc24e8ab",
            "required": true,
            "unique": true,
            "displayLabel": "Id"
        },
        {
            "type": "datetime",
            "name": "creationDate",
            "internal": false,
            "oid": "7926d619-3f8d-432d-ae94-6703f4034cd4",
            "displayLabel": "Created",
            "historyType": "timeCreated"
        },
        {
            "type": "datetime",
            "name": "lastUpdateDate",
            "internal": false,
            "oid": "6b9a3be1-699d-4981-9b63-878eea1bd3fa",
            "displayLabel": "Last Updated",
            "historyType": "timeUpdated"
        },
        {
            "type": "string",
            "name": "createdBy",
            "internal": false,
            "oid": "d41fc59e-68ae-4050-b37a-e2f4dd27484a",
            "displayLabel": "Created By",
            "historyType": "createdBy"
        },
        {
            "type": "string",
            "name": "lastUpdatedBy",
            "internal": false,
            "oid": "84f014fc-e553-4544-8634-26db6fc90e28",
            "displayLabel": "Last Updated By",
            "historyType": "updatedBy"
        },
        {
            "type": "number",
            "name": "versionNumber",
            "internal": false,
            "oid": "d1fa1a9a-e5ce-48c1-8579-52985eaadd76",
            "displayLabel": "Version Number",
            "historyType": "versionNumber"
        },
        {
            "type": "number",
            "name": "break1",
            "oid": "947bc0d7-0bd5-4cf9-9526-e424f83873a1",
            "displayLabel": "Break 1"
        },
        {
            "type": "number",
            "name": "break2",
            "oid": "0802a68c-ef6b-4001-a716-d2de59b054f2",
            "displayLabel": "Break 2"
        },
        {
            "type": "number",
            "name": "break3",
            "oid": "322f34a0-31d8-409b-b2cc-a8029092dfd1",
            "displayLabel": "Break 3"
        },
        {
            "type": "string",
            "name": "breakDuration",
            "oid": "9a7ca099-4db0-420f-abc8-96c3b7ad9117",
            "displayLabel": "Break Duration"
        },
        {
            "type": "string",
            "name": "classDays",
            "oid": "368d2c04-8c1f-4e40-94af-f58e201fe95e",
            "displayLabel": "Class Days"
        },
        {
            "type": "number",
            "name": "classPeriods",
            "oid": "68266761-0703-45b8-a38d-4a48a3ae94a2",
            "displayLabel": "Class Periods"
        },
        {
            "type": "string",
            "name": "classStartTime",
            "oid": "a5c1999a-d6ea-4a49-944c-06f909a5d734",
            "displayLabel": "Class Start Time"
        },
        {
            "type": "string",
            "name": "eveningSupervision",
            "oid": "97ae4e2b-4ad9-4403-a6dd-5cbb33011c21",
            "displayLabel": "Evening Supervision"
        },
        {
            "type": "string",
            "name": "eveningSupervisionDuration",
            "oid": "85bc05b6-bfa4-40b5-bd45-bcdccf24cd0e",
            "displayLabel": "Evening Supervision Duration"
        },
        {
            "type": "number",
            "name": "lunchBreak",
            "oid": "9dd0d57d-db95-49a3-a57b-146dfb5683b0",
            "displayLabel": "Lunch Break"
        },
        {
            "type": "string",
            "name": "lunchBreakDuration",
            "oid": "2642b8a2-79fd-4566-a002-9ff43883490e",
            "displayLabel": "Lunch Break Duration"
        },
        {
            "type": "string",
            "name": "morningSupervision",
            "oid": "5f065dd6-0711-4174-9386-27c829f026a9",
            "displayLabel": "Morning Supervision"
        },
        {
            "type": "string",
            "name": "morningSupervisionDuration",
            "oid": "3e1495f1-2f7a-41e6-a416-b1052e020af4",
            "displayLabel": "Morning Supervision Duration"
        },
        {
            "type": "string",
            "name": "periodDuration",
            "oid": "e9df2c36-59ed-42f8-af21-4959fcd9895f",
            "displayLabel": "Period Duration"
        },
        {
            "type": "string",
            "name": "status",
            "oid": "55a3ed0c-3c5c-4663-9755-88c36eed8a17",
            "displayLabel": "Status"
        },
        {
            "type": "date",
            "name": "statusDate",
            "oid": "fb9e287c-2767-4e3c-b164-b6798aa56280",
            "displayLabel": "Status Date"
        },
        {
            "type": "date",
            "name": "timetableEndDate",
            "oid": "efae42e0-eb13-48d9-be45-ba45fb0df861",
            "displayLabel": "Timetable End Date"
        },
        {
            "type": "number",
            "name": "timetableID",
            "oid": "e0b908c2-4016-4b30-98df-9d3ecc381b68",
            "displayLabel": "Timetable ID"
        },
        {
            "type": "string",
            "name": "timetableName",
            "oid": "a55974f3-0eca-4cb1-ba28-de5f7317a457",
            "displayLabel": "Timetable Name"
        },
        {
            "type": "date",
            "name": "timetableStartDate",
            "oid": "8870cd8e-4e04-41ee-aef5-98f74dbee03f",
            "displayLabel": "Timetable Start Date"
        }
    ],
    "name": "ViewBO",
    "oid": "9e4bda4d-8639-4258-82b4-2a142d269e5b",
    "displayLabel": "View B O"
}