 {
            "lookup_id": -54,
            "value": "Ugesh2",
            "meaning": "Ugehs",
            "description": "00000",
            "tag": null,
            "enabled_flag": "Y",
            "start_date_active": "2021-01-28",
            "end_date_active": null,
            "creation_date": null,
            "created_by": null,
            "last_update_date": null,
            "last_updated_by": null,
            "last_update_login": null,
            "attribute_category": null,
            "attribute1": "Ugesh",
            "attribute2": null,
            "attribute3": null,
            "attribute4": null,
            "attribute5": null,
            "attribute6": null,
            "attribute7": null,
            "attribute8": null,
            "attribute9": null,
            "attribute10": null,
            "attribute11": null,
            "attribute12": null,
            "attribute13": null,
            "attribute14": null,
            "attribute15": null
        }