{
  "title": "",
  "description": "",
  "variables": {
    "bidirectionalNavigation": {
      "type": "boolean",
      "defaultValue": true,
      "input": "fromCaller"
    },
    "displayMode": {
      "type": "string"
    },
    "getNNamespaceNameBBucketNameOListSDP": {
      "type": "vb/ServiceDataProvider",
      "defaultValue": {
        "endpoint": "ObjectStorageAPIs/getNNamespaceNameBBucketNameO",
        "keyAttributes": "name",
        "itemsPath": "objects",
        "responseType": "getNNamespaceNameBBucketNameOResponse2",
        "uriParameters": {
          "bucketName": "ent_apps_ai_services",
          "namespaceName": "v1erp"
        }
      }
    },
    "inFlowBack": {
      "type": "boolean",
      "defaultValue": false,
      "input": "fromCaller"
    },
    "itemId": {
      "type": "string",
      "required": true,
      "input": "fromUrl"
    },
    "itemIndex": {
      "type": "number",
      "description": "Zero-based index referring to the current row in the collection",
      "input": "fromCaller",
      "onValueChanged": {
        "chains": [
          {
            "chainId": "fetchItemChain",
            "parameters": {
              "limit": "{{ $page.variables.itemIndex === 0 ? 2 : 3 }}",
              "offset": "{{ $page.variables.itemIndex > 0 ? ($page.variables.itemIndex - 1) : 0 }}"
            }
          }
        ]
      }
    },
    "nextItem": {
      "type": "any",
      "defaultValue": null
    },
    "overviewExpanded": {
      "type": "boolean",
      "defaultValue": false,
      "input": "fromCaller"
    },
    "parentPage": {
      "type": "string",
      "input": "fromCaller"
    },
    "parentUrlParams": {
      "type": "any",
      "input": "fromCaller"
    },
    "previousItem": {
      "type": "any",
      "defaultValue": null
    }
  },
  "metadata": {},
  "types": {
    "@decorators.getNNamespaceNameBBucketNameOResponse": {
      "endpoint": "getNNamespaceNameBBucketNameO",
      "service": "ObjectStorageAPIs",
      "path": "response"
    },
    "@decorators.getNNamespaceNameBBucketNameOResponse2": {
      "endpoint": "getNNamespaceNameBBucketNameO",
      "service": "ObjectStorageAPIs",
      "path": "response"
    },
    "getNNamespaceNameBBucketNameOResponse": {
      "objects": [
        {
          "name": "string"
        }
      ]
    },
    "getNNamespaceNameBBucketNameOResponse2": {
      "objects": [
        {
          "name": "string"
        }
      ]
    }
  },
  "eventListeners": {
    "ojSpGoToParent": {
      "chains": [
        {
          "chainId": "goToParentChain",
          "parameters": {
            "parentPage": "{{ $page.variables.parentPage }}"
          }
        }
      ]
    },
    "ojSpItemOverviewPageSpNext": {
      "chains": [
        {
          "chainId": "goToNextItemChain",
          "parameters": {
            "event": "{{ $event }}"
          }
        }
      ]
    },
    "ojSpItemOverviewPageSpPrevious": {
      "chains": [
        {
          "chainId": "goToPreviousItemChain",
          "parameters": {
            "event": "{{ $event }}"
          }
        }
      ]
    },
    "ojSpItemOverviewSpCollapse": {
      "chains": [
        {
          "chainId": "ExpandOrCollapseOverviewChain",
          "parameters": {
            "expand": "false"
          }
        }
      ]
    },
    "ojSpItemOverviewSpExpand": {
      "chains": [
        {
          "chainId": "ExpandOrCollapseOverviewChain",
          "parameters": {
            "expand": "true"
          }
        }
      ]
    },
    "vbEnter": {
      "chains": [
        {
          "chainId": "ifItemIndexConfigured",
          "parameters": {}
        }
      ]
    }
  },
  "imports": {
    "components": {
      "oj-button": {
        "path": "ojs/ojbutton"
      },
      "oj-dynamic-form": {
        "path": "oj-dynamic/form/loader"
      },
      "oj-file-picker": {
        "path": "ojs/ojfilepicker"
      },
      "oj-input-search": {
        "path": "ojs/ojinputsearch"
      },
      "oj-sp-item-overview": {
        "path": "oj-sp/item-overview/loader"
      },
      "oj-sp-item-overview-page": {
        "path": "oj-sp/item-overview-page/loader"
      },
      "oj-table": {
        "path": "ojs/ojtable"
      },
      "oj-toolbar": {
        "path": "ojs/ojtoolbar"
      }

    }
  }
}
