{
    "backends": {
        "ObjectStorage": {
            "servers": [
                {
                    "url": "https://objectstorage.eu-frankfurt-1.oraclecloud.com",
                    "description": "Default Server",
                    "x-vb": {
                        "authentication": {
                            "authenticated": {
                                "type": "http_signature_oci",
                                "credentials": "vb_377022e7-c259-45d7-9558-195703d7e144"
                            }
                        }
                    }
                }
            ]
        }
      }
}