id,creationDate,lastUpdateDate,createdBy,lastUpdatedBy,merchantName,description,amount,date1
1,2024-03-21T08:42:27,2024-03-21T08:42:27.015,shaik.latheef@version1.com,shaik.latheef@version1.com,,,,
2,2024-03-21T08:42:38,2024-03-21T08:42:38.005,shaik.latheef@version1.com,shaik.latheef@version1.com,S,S,1.0,2024-03-21
3,2024-03-21T08:42:56,2024-03-21T08:42:56.005,shaik.latheef@version1.com,shaik.latheef@version1.com,Se,Se,12.0,2024-03-21
4,2024-03-21T08:56:36,2024-03-21T08:56:36.003,shaik.latheef@version1.com,shaik.latheef@version1.com,,,,
