{
    "fields": [
        {
            "type": "number",
            "name": "id",
            "internal": false,
            "key": true,
            "oid": "ce967487-cf9a-42ec-b2ea-ad3211c52f57",
            "required": true,
            "unique": true,
            "displayLabel": "Id"
        },
        {
            "type": "datetime",
            "name": "creationDate",
            "internal": false,
            "oid": "cc31ea83-4f49-4373-ad28-c0c746ddb517",
            "displayLabel": "Created",
            "historyType": "timeCreated"
        },
        {
            "type": "datetime",
            "name": "lastUpdateDate",
            "internal": false,
            "oid": "ea2d5125-40af-4692-9bbb-a97a001f6068",
            "displayLabel": "Last Updated",
            "historyType": "timeUpdated"
        },
        {
            "type": "string",
            "name": "createdBy",
            "internal": false,
            "oid": "028a8f13-cdbd-4e9d-a339-a67c18d1a46d",
            "displayLabel": "Created By",
            "historyType": "createdBy"
        },
        {
            "type": "string",
            "name": "lastUpdatedBy",
            "internal": false,
            "oid": "604f71a1-bd95-4812-95ce-58b8e19889da",
            "displayLabel": "Last Updated By",
            "historyType": "updatedBy"
        },
        {
            "type": "number",
            "name": "versionNumber",
            "internal": false,
            "oid": "f1a5999b-6512-4a72-bbdc-a3974acd8e40",
            "displayLabel": "Version Number",
            "historyType": "versionNumber"
        },
        {
            "type": "string",
            "name": "merchantName",
            "oid": "7d5cd36f-54b2-4cc0-832f-300e28dc9ada",
            "displayLabel": "Merchant Name"
        },
        {
            "type": "string",
            "name": "description",
            "oid": "1b9ea361-35d7-4156-a7d4-0824d081b49a",
            "displayLabel": "Description"
        },
        {
            "type": "number",
            "name": "amount",
            "oid": "7ec8015c-49bd-4c27-aa95-808e08c8c5ad",
            "displayLabel": "Amount"
        },
        {
            "type": "date",
            "name": "date1",
            "oid": "678747c4-3852-47d4-ae68-fc272795ee60",
            "displayLabel": "Date"
        }
    ],
    "name": "Expenses",
    "oid": "5401bcbf-e17a-45c5-b25d-60e34ba69203",
    "displayLabel": "Expenses"
}