{
  "description": "",
  "root": "callFunctionPrintlog1",
  "actions": {
    "callFunctionPrintlog1": {
      "module": "vb/action/builtin/callModuleFunctionAction",
      "parameters": {
        "module": "[[ $application.functions ]]",
        "functionName": "printlog1",
        "params": [
          "Adhoc Run",
          "{{ $page.variables.varAdhocRun }}"
        ]
      },
      "outcomes": {
        "success": "resetVariablesVarAdhocRun"
      }
    },
    "resetVariablesVarAdhocRun": {
      "module": "vb/action/builtin/resetVariablesAction",
      "parameters": {
        "variables": [
          "$page.variables.varAdhocRun"
        ]
      }
    }
  },
  "variables": {}
}