{
  "root": "callComponentOjDialogLoadingOpen",
  "description": "",
  "variables": {},
  "actions": {
    "fireNotification": {
      "module": "vb/action/builtin/fireNotificationEventAction",
      "parameters": {
        "target": "leaf",
        "summary": "[[ $chain.results.callRestGetDatasyncEntities.message.summary ]]",
        "type": "error",
        "displayMode": "persist"
      },
      "outcomes": {
        "success": "callComponentOjDialogLoadingClose2"
      }
    },
    "callRestGetDatasyncEntities": {
      "module": "vb/action/builtin/restAction",
      "parameters": {
        "endpoint": "ATS_ORDS/getDatasyncEntities"
      },
      "outcomes": {
        "failure": "fireNotification",
        "success": "assignVariablesDataSyncEntitiesADP"
      }
    },
    "assignVariablesDataSyncEntitiesADP": {
      "module": "vb/action/builtin/assignVariablesAction",
      "parameters": {
        "$page.variables.dataSyncEntities_ADP": {
          "source": {
            "data": "{{ $chain.results.callRestGetDatasyncEntities.body.items }}"
          },
          "reset": "none",
          "auto": "always"
        }
      },
      "outcomes": {
        "success": "callComponentOjDialogLoadingClose"
      }
    },
    "resetVariablesDataSyncEntitiesADP": {
      "module": "vb/action/builtin/resetVariablesAction",
      "parameters": {
        "variables": [
          "$page.variables.dataSyncEntities_ADP"
        ]
      },
      "outcomes": {
        "success": "callRestGetDatasyncEntities"
      }
    },
    "callComponentOjDialogLoadingOpen": {
      "module": "vb/action/builtin/callComponentMethodAction",
      "parameters": {
        "component": "{{ document.getElementById('oj-dialog-Loading') }}",
        "method": "open"
      },
      "outcomes": {
        "success": "resetVariablesDataSyncEntitiesADP"
      }
    },
    "callComponentOjDialogLoadingClose": {
      "module": "vb/action/builtin/callComponentMethodAction",
      "parameters": {
        "component": "{{ document.getElementById('oj-dialog-Loading') }}",
        "method": "close"
      }
    },
    "callComponentOjDialogLoadingClose2": {
      "module": "vb/action/builtin/callComponentMethodAction",
      "parameters": {
        "component": "{{ document.getElementById('oj-dialog-Loading') }}",
        "method": "close"
      }
    }
  }
}