{
  "description": "",
  "root": "ifVarButtonMode",
  "actions": {
    "ifVarButtonMode": {
      "module": "vb/action/builtin/ifAction",
      "parameters": {
        "condition": "[[ $page.variables.varButtonMode == 'home' ]]"
      },
      "outcomes": {
        "true": "navigateToMainMainStart",
        "false": "ifVarButtonMode2"
      }
    },
    "navigateToMainMainStart": {
      "module": "vb/action/builtin/navigateAction",
      "@dt": {
        "targetType": "flow"
      },
      "parameters": {
        "target": "parent",
        "flow": "main",
        "page": "main-start"
      },
      "outcomes": {
        "success": "callComponentUnsavedDataDialogClose"
      }
    },
    "ifVarButtonMode2": {
      "module": "vb/action/builtin/ifAction",
      "parameters": {
        "condition": "[[ $page.variables.varButtonMode == 'submit' ]]"
      },
      "outcomes": {
        "true": "resetVariablesRowStatus",
        "false": "callComponentUnsavedDataDialogClose"
      }
    },
    "callChainSubmitButtonActionChain": {
      "module": "vb/action/builtin/callChainAction",
      "parameters": {
        "id": "Submit_ButtonActionChain"
      },
      "outcomes": {
        "success": "callComponentUnsavedDataDialogClose"
      }
    },
    "resetVariablesRowStatus": {
      "module": "vb/action/builtin/resetVariablesAction",
      "parameters": {
        "variables": [
          "$page.variables.rowStatus"
        ]
      },
      "outcomes": {
        "success": "callChainSubmitButtonActionChain"
      }
    },
    "callComponentUnsavedDataDialogClose": {
      "module": "vb/action/builtin/callComponentMethodAction",
      "parameters": {
        "component": "{{ document.getElementById('unsaved-data-dialog') }}",
        "method": "close"
      }
    }
  },
  "variables": {}
}