{
    "items": [
        {
            "lookup_type": "XXNCP_GLINT_ZAT_CHARGE"
        },
        {
            "lookup_type": "XXNCP_GLINT_ADVAM_CHGS_ANALYS"
        },
        {
            "lookup_type": "XXNCP_GLINT_MID_REPLACE"
        },
        {
            "lookup_type": "XXNCP_GLINT_PREBK_CHANNEL_5"
        },
        {
            "lookup_type": "XXNCP_GLINT_RINGGO_REFUND_ACC"
        },
        {
            "lookup_type": "XXNCP_GLINT_ZATPARK_PL_5"
        },
        {
            "lookup_type": "XXNCP_GLINT_ZAT_REV_SHARE"
        },
        {
            "lookup_type": "XXNCP_GOLIVE_CARPARKS"
        },
        {
            "lookup_type": "XXNCP_ACQUIRER"
        },
        {
            "lookup_type": "XXNCP_CM_TEAM_KEYWORD"
        },
        {
            "lookup_type": "XXNCP_MID_FINANCE_USER"
        },
        {
            "lookup_type": "XXNCP_GLINT_PPD_ACQUIRER_ACCT"
        },
        {
            "lookup_type": "XXNCP_GLINT_SAFE_ACCT"
        },
        {
            "lookup_type": "XXNCP_GLINT_TRANS_TYPE"
        },
        {
            "lookup_type": "XXNCP_GLINT_WORLDPAY_DAYS"
        },
        {
            "lookup_type": "XXNCP_COMMISSION_SOURCE"
        },
        {
            "lookup_type": "XXNCP_GLINT_ADAT_SALES_ACC"
        },
        {
            "lookup_type": "XXNCP_GLINT_ADVAM_CHARGES"
        },
        {
            "lookup_type": "XXNCP_GLINT_CONTRACT_NAME"
        },
        {
            "lookup_type": "XXNCP_PRODUCT"
        },
        {
            "lookup_type": "XXNCP_GLINT_PREBK_SEGMENT4"
        },
        {
            "lookup_type": "XXNCP_GLINT_PROVIDER"
        },
        {
            "lookup_type": "XXNCP_GLINT_SIX_CIT_ANALYSIS"
        },
        {
            "lookup_type": "XXNCP_BRANCH"
        },
        {
            "lookup_type": "XXNCP_GLINT_ERROR_EMAIL"
        },
        {
            "lookup_type": "XXNCP_GLINT_IC_ACCOUNT"
        },
        {
            "lookup_type": "XXNCP_GLINT_REASON_CODE"
        },
        {
            "lookup_type": "XXNCP_GLINT_REASON_CODE_ACCT"
        },
        {
            "lookup_type": "XXNCP_GLINT_RINGGO_SALES_ACC"
        },
        {
            "lookup_type": "XXNCP_GLINT_SIX_CIT"
        },
        {
            "lookup_type": "XXNCP_GLINT_ZATPARK_BS_3"
        },
        {
            "lookup_type": "XXNCP_GLINT_ADAT_REFUND_ACC"
        },
        {
            "lookup_type": "XXNCP_GROUP_MID"
        },
        {
            "lookup_type": "XXNCP_MID_FINANCE_APPROVER"
        },
        {
            "lookup_type": "XXNCP_MID_TERMINAL_TYPE"
        },
        {
            "lookup_type": "XXNCP_PROVIDER"
        },
        {
            "lookup_type": "XXNCP_GLINT_TICKET_TYPE"
        },
        {
            "lookup_type": "XXNCP_BILLING_BASEDON"
        },
        {
            "lookup_type": "XXNCP_CM_TEAM_TRXCODE"
        },
        {
            "lookup_type": "XXNCP_GLINT_ACCOUNT"
        },
        {
            "lookup_type": "XXNCP_GLINT_ACQUIRER_ACCOUNT"
        },
        {
            "lookup_type": "XXNCP_GLINT_ADAPTIS_BS_3"
        },
        {
            "lookup_type": "XXNCP_GLINT_ADAPTIS_BS_5"
        },
        {
            "lookup_type": "XXNCP_GLINT_ADVAM_CHGS_ACCOUNT"
        },
        {
            "lookup_type": "XXNCP_PSP"
        },
        {
            "lookup_type": "XXNCP_GLINT_MONTHLY_RUN_DATES"
        },
        {
            "lookup_type": "XXNCP_GLINT_ZATPARK_BS_5"
        },
        {
            "lookup_type": "XXNCP_GLINT_ECOM_CHARGE"
        },
        {
            "lookup_type": "XXNCP_GLINT_FUNCTIONS"
        },
        {
            "lookup_type": "XXNCP_GLINT_MACHINE_MAPPING"
        },
        {
            "lookup_type": "XXNCP_MID_REQUEST_STATUS"
        },
        {
            "lookup_type": "XXNCP_OPS_MANAGER_MAPPING"
        },
        {
            "lookup_type": "XXNCP_PAYBYPHONE_CHARGE"
        },
        {
            "lookup_type": "XXNCP_GLINT_PPD_ACCOUNTS"
        },
        {
            "lookup_type": "XXNCP_GLINT_REFUND_CIT_ACCT"
        },
        {
            "lookup_type": "XXNCP_GLINT_SUBACCT_MAPPING"
        },
        {
            "lookup_type": "XXNCP_GLINT_TOLOAD_BANK_ACC"
        },
        {
            "lookup_type": "XXNCP_CC_OU_MAPPING"
        },
        {
            "lookup_type": "XXNCP_GLINT_ACC_TRANS_TYPE"
        },
        {
            "lookup_type": "XXNCP_GLINT_INTEGRATION_TYPE"
        },
        {
            "lookup_type": "XXNCP_PREBOOK_ORACLE_STATUS"
        },
        {
            "lookup_type": "XXNCP_PREBOOK_PRODUCT"
        }
    ],
    "hasMore": false,
    "limit": 0,
    "offset": 0,
    "count": 62,
    "links": [
        {
            "rel": "self",
            "href": "https://g4ed36b38896702-atpdevdb.adb.uk-london-1.oraclecloudapps.com/ords/erp/common/lookup/lookupTypeLOV"
        },
        {
            "rel": "describedby",
            "href": "https://g4ed36b38896702-atpdevdb.adb.uk-london-1.oraclecloudapps.com/ords/erp/metadata-catalog/common/lookup/item"
        }
    ]
}