{
    "fields": [
        {
            "type": "number",
            "name": "id",
            "internal": false,
            "key": true,
            "oid": "03111cb8-6a31-4c24-8cfb-6b1a543c0bf8",
            "required": true,
            "unique": true,
            "displayLabel": "Id"
        },
        {
            "type": "datetime",
            "name": "creationDate",
            "internal": false,
            "oid": "b452ac0e-6b5d-4143-9320-6b6435e0ff3d",
            "displayLabel": "Created",
            "historyType": "timeCreated"
        },
        {
            "type": "datetime",
            "name": "lastUpdateDate",
            "internal": false,
            "oid": "a4bf388b-ccfa-4ad0-bce7-9ba545d21657",
            "displayLabel": "Last Updated",
            "historyType": "timeUpdated"
        },
        {
            "type": "string",
            "name": "createdBy",
            "internal": false,
            "oid": "bfd68e92-6b88-4af3-8d85-a5a737ef83cf",
            "displayLabel": "Created By",
            "historyType": "createdBy"
        },
        {
            "type": "string",
            "name": "lastUpdatedBy",
            "internal": false,
            "oid": "bde62f37-664d-4f4b-938e-d17515cbcbb5",
            "displayLabel": "Last Updated By",
            "historyType": "updatedBy"
        },
        {
            "type": "number",
            "name": "versionNumber",
            "internal": false,
            "oid": "f599d63a-7e35-4830-b5c3-cfd1c4f9e603",
            "displayLabel": "Version Number",
            "historyType": "versionNumber"
        },
        {
            "type": "string",
            "name": "period",
            "oid": "e07350f1-efbd-49c4-8374-da3485232332",
            "displayLabel": "Period"
        },
        {
            "type": "string",
            "name": "startTimeHHMM",
            "oid": "2aea4688-2286-450c-b2e8-36dd3567784b",
            "displayLabel": "Start Time (HH.MM)"
        },
        {
            "type": "string",
            "name": "finishTimeHHMM",
            "oid": "e282f0ea-ab66-4e13-82b3-74584b7c81ae",
            "displayLabel": "Finish Time (HH.MM)"
        }
    ],
    "name": "ViewTimeTable",
    "oid": "c8ff1820-2dcb-4da4-95d4-95effbc4ee36",
    "displayLabel": "View Time Table"
}