{
  "layoutTypes": {
    "businessObjects": {
      "kind": "operationRef",
      "serviceId": "businessObjects",
      "operations": [
        "get_DisplayTT",
        "update_DisplayTT"
      ]
    }
  },
  "layouts": {
    "isDefault": {
      "description": "Default Rule",
      "type": "businessObjects",
      "expression": "default"
    },
    "detail": {
      "type": "businessObjects",
      "layoutType": "form",
      "label": "Detail",
      "rules": [
        "isDefault"
      ],
      "layouts": {
        "default": {
          "layoutType": "form",
          "layout": {
            "displayProperties": [
              "classDays",
              "classPeriods",
              "lunchBreak",
              "break1",
              "break2",
              "break3",
              "morningSupervision",
              "eveningSupervision"
            ],
            "readonly": true
          }
        }
      }
    },
    "isDefault2": {
      "description": "Default Rule",
      "type": "businessObjects",
      "expression": "default"
    },
    "displayForm": {
      "type": "businessObjects",
      "layoutType": "form",
      "label": "displayForm",
      "rules": [
        "isDefault2"
      ],
      "layouts": {
        "default": {
          "layoutType": "form",
          "layout": {
            "displayProperties": [
              "classDays",
              "classStartTime",
              "classPeriods",
              "periodDuration",
              "lunchBreak",
              "lunchBreakDuration"
            ]
          },
          "usedIn": [
            "isDefault2"
          ]
        }
      },
      "fieldTemplateMap": {
        "classDays": "checkBox"
      }
    }
  },
  "templates": {
    "checkBox": {
      "title": "checkBox",
      "description": "",
      "extensible": "byReference",
      "@dt": {
        "type": "field"
      },
      "dependencies": [
        "ojs/ojcheckboxset",
        "ojs/ojoption"
      ]
    }
  }
}