{
  "title": "",
  "description": "",
  "variables": {
    "LookupCode_Name_LOV_ADP": {
      "type": "vb/ArrayDataProvider2",
      "defaultValue": {
        "itemType": "postAtsLookupHdr_Type",
        "keyAttributes": "lookup_id"
      }
    },
    "LookupCode_LOV_SDP": {
      "type": "vb/ServiceDataProvider",
      "defaultValue": {
        "endpoint": "ordsErpCommon/getLookupCodeLOV",
        "responseType": "getLookupCodeLOV",
        "itemsPath": "items",
        "keyAttributes": "lookup_code",
        "transformsContext": {
          "vb-textFilterAttributes": [
            "lookup_code"
          ]
        }
      }
    },
    "LookupDetails_ADP": {
      "type": "vb/ArrayDataProvider2",
      "defaultValue": {
        "itemType": "getLookupDetails_Type",
        "keyAttributes": "lookup_id"
      }
    },
    "LookupDetails_currentRowBuffer": {
      "type": "getLookupDetails_Type"
    },
    "lookupDetails_disableRowEditExit": {
      "type": "boolean",
      "defaultValue": false
    },
    "lookupDetails_editRow": {
      "type": "any"
    },
    "LookupDetails_Payload": {
      "type": "getLookupDetails_Type"
    },
    "lookupDetails_rowStatus": {
      "type": "object"
    },
    "lookupDetails_scrollPosition": {
      "type": "any"
    },
    "lookupHdr_ADP": {
      "type": "vb/ArrayDataProvider2",
      "defaultValue": {
        "itemType": "getlookupHdr_Type",
        "keyAttributes": "lookup_id"
      }
    },
    "LookupHdr_currentRowBuffer": {
      "type": "getlookupHdr_Type"
    },
    "lookupHdr_disableRowEditExit": {
      "type": "boolean",
      "defaultValue": false
    },
    "lookupHdr_editRow": {
      "type": "any"
    },
    "LookupHdr_Payload": {
      "type": "getlookupHdr_Type"
    },
    "lookupHdr_rowStatus": {
      "type": "object"
    },
    "lookupHdr_scrollPosition": {
      "type": "any"
    },
    "varButtonMode": {
      "type": "string"
    },
    "varDisable_LookupDetails_Edit_Btn": {
      "type": "boolean"
    },
    "varDisable_LookupHdr_Edit_Btn": {
      "type": "boolean"
    },
    "varDisableLookupDetailAddBtn": {
      "type": "boolean"
    },
    "varDisableLookupHdrAddBtn": {
      "type": "boolean"
    },
    "varDisplayMessage": {
      "type": "string"
    },
    "varEnabled": {
      "type": "any[]"
    },
    "varHideSearch": {
      "type": "boolean"
    },
    "varLookupHdr_TableRowSelectionMode": {
      "type": "string"
    },
    "varSearch": {
      "type": {
        "LookupCode": "string",
        "LookupName": "string"
      }
    },
    "varSelected": {
      "type": {
        "LookupCode": "string",
        "LookupId": "string",
        "LookupName": "string"
      }
    },
    "LookupName_LOV_SDP": {
      "defaultValue": {
        "endpoint": "ordsErpCommon/getLookupTypeLOV",
        "responseType": "getLookupTypeLOV",
        "itemsPath": "items",
        "keyAttributes": "lookup_type",
        "transformsContext": {
          "vb-textFilterAttributes": [
            "lookup_type"
          ]
        }
      },
      "type": "vb/ServiceDataProvider"
    }

  },
  "metadata": {},
  "types": {
    "@decorators.getAtsLookupDetails_Type": {
      "endpoint": "getAtsLookupDetails",
      "service": "ATS_ORDS",
      "path": "response-_-items[0]"
    },
    "@decorators.getAtsLookupHdr_Type": {
      "endpoint": "getAtsLookupHdr",
      "service": "ATS_ORDS",
      "path": "response-_-items[0]"
    },
    "@decorators.getLookupCodeLOV": {
      "endpoint": "getLookupCodeLOV",
      "service": "ordsErpCommon",
      "path": "response"
    },
    "@decorators.getLookupDetails_Type": {
      "endpoint": "getLookupDetails",
      "service": "ordsErpCommon",
      "path": "response-_-items[0]"
    },
    "@decorators.getlookupHdr": {
      "endpoint": "getlookupHdr",
      "service": "ordsErpCommon",
      "path": "response"
    },
    "@decorators.getlookupHdr_Type": {
      "endpoint": "getlookupHdr",
      "service": "ordsErpCommon",
      "path": "response-_-items[0]"
    },
    "@decorators.getLookupTypeLOV": {
      "endpoint": "getLookupTypeLOV",
      "service": "ordsErpCommon",
      "path": "response"
    },
    "@decorators.postAtsLookupDetails_Type": {
      "endpoint": "postAtsLookupDetails",
      "service": "ATS_ORDS",
      "path": "request"
    },
    "@decorators.postAtsLookupHdr_Type": {
      "endpoint": "postAtsLookupHdr",
      "service": "ATS_ORDS",
      "path": "request"
    },
    "getAtsLookupDetails_Type": {
      "attribute_category": "any",
      "attribute1": "any",
      "attribute10": "any",
      "attribute11": "any",
      "attribute12": "any",
      "attribute13": "any",
      "attribute14": "any",
      "attribute15": "any",
      "attribute2": "any",
      "attribute3": "any",
      "attribute4": "any",
      "attribute5": "any",
      "attribute6": "any",
      "attribute7": "any",
      "attribute8": "any",
      "attribute9": "any",
      "created_by": "any",
      "creation_date": "any",
      "description": "string",
      "detail_id": "number",
      "enabled_flag": "string",
      "end_date_active": "any",
      "last_update_date": "any",
      "last_update_login": "any",
      "last_updated_by": "any",
      "lookup_id": "number",
      "meaning": "string",
      "start_date_active": "any",
      "tag": "string",
      "value": "string"
    },
    "getAtsLookupHdr_Type": {
      "attribute_category": "string",
      "attribute1": "any",
      "attribute10": "any",
      "attribute11": "any",
      "attribute12": "any",
      "attribute13": "any",
      "attribute14": "any",
      "attribute15": "any",
      "attribute2": "any",
      "attribute3": "any",
      "attribute4": "any",
      "attribute5": "any",
      "attribute6": "any",
      "attribute7": "any",
      "attribute8": "any",
      "attribute9": "any",
      "created_by": "any",
      "creation_date": "string",
      "enabled_flag": "any",
      "end_date_active": "any",
      "last_update_date": "string",
      "last_update_login": "any",
      "last_updated_by": "any",
      "lookup_code": "string",
      "lookup_id": "number",
      "lookup_name": "string",
      "start_date_active": "any"
    },
    "getLookupCodeLOV": {
      "items": [
        {
          "lookup_code": "string"
        }
      ]
    },
    "getLookupDetails_Type": {
      "attribute_category": "any",
      "attribute1": "string",
      "attribute10": "any",
      "attribute11": "any",
      "attribute12": "any",
      "attribute13": "any",
      "attribute14": "any",
      "attribute15": "any",
      "attribute2": "any",
      "attribute3": "any",
      "attribute4": "any",
      "attribute5": "any",
      "attribute6": "any",
      "attribute7": "any",
      "attribute8": "any",
      "attribute9": "any",
      "created_by": "any",
      "creation_date": "any",
      "description": "string",
      "enabled_flag": "string",
      "end_date_active": "any",
      "last_update_date": "any",
      "last_update_login": "any",
      "last_updated_by": "any",
      "lookup_id": "number",
      "meaning": "string",
      "start_date_active": "string",
      "tag": "any",
      "value": "string"
    },
    "getlookupHdr": {
      "items": [
        {
          "lookup_code": "string",
          "lookup_name": "string"
        }
      ]
    },
    "getlookupHdr_Type": {
      "attribute_category": "any",
      "attribute1": "any",
      "attribute10": "any",
      "attribute11": "any",
      "attribute12": "any",
      "attribute13": "any",
      "attribute14": "any",
      "attribute15": "any",
      "attribute2": "any",
      "attribute3": "any",
      "attribute4": "any",
      "attribute5": "any",
      "attribute6": "any",
      "attribute7": "any",
      "attribute8": "any",
      "attribute9": "any",
      "created_by": "any",
      "creation_date": "any",
      "last_update_date": "any",
      "last_update_login": "any",
      "last_updated_by": "any",
      "lookup_code": "string",
      "lookup_id": "number",
      "lookup_name": "string"
    },
    "getLookupTypeLOV": {
      "items": [
        {
          "lookup_type": "string"
        }
      ]
    },
    "postAtsLookupDetails_Type": {
      "attribute_category": "any",
      "attribute1": "any",
      "attribute10": "any",
      "attribute11": "any",
      "attribute12": "any",
      "attribute13": "any",
      "attribute14": "any",
      "attribute15": "any",
      "attribute2": "any",
      "attribute3": "any",
      "attribute4": "any",
      "attribute5": "any",
      "attribute6": "any",
      "attribute7": "any",
      "attribute8": "any",
      "attribute9": "any",
      "created_by": "any",
      "creation_date": "any",
      "description": "string",
      "detail_id": "number",
      "enabled_flag": "string",
      "end_date_active": "any",
      "last_update_date": "any",
      "last_update_login": "any",
      "last_updated_by": "any",
      "lookup_id": "number",
      "meaning": "string",
      "start_date_active": "any",
      "tag": "string",
      "value": "string"

    },
    "postAtsLookupHdr_Type": {
      "attribute_category": "any",
      "attribute1": "any",
      "attribute10": "any",
      "attribute11": "any",
      "attribute12": "any",
      "attribute13": "any",
      "attribute14": "any",
      "attribute15": "any",
      "attribute2": "any",
      "attribute3": "any",
      "attribute4": "any",
      "attribute5": "any",
      "attribute6": "any",
      "attribute7": "any",
      "attribute8": "any",
      "attribute9": "any",
      "created_by": "any",
      "creation_date": "any",
      "enabled_flag": "any",
      "end_date_active": "any",
      "last_update_date": "any",
      "last_update_login": "any",
      "last_updated_by": "any",
      "lookup_code": "string",
      "lookup_id": "number",
      "lookup_name": "string",
      "start_date_active": "any"
    }

  },
  "eventListeners": {
    "enabledValue": {
      "chains": [
        {
          "chainId": "LookupHdr_Enabled_CheckboxSetValueChangeChain",
          "parameters": {
            "value": "{{ $event.detail.value }}",
            "key": "{{ $current.key }}",
            "index": "{{ $current.index }}",
            "current": "{{ $current }}"
          }
        }
      ]
    },
    "enabledValue2": {
      "chains": [
        {
          "chainId": "LookupDetail_Enabled_CheckboxSetValueChangeChain",
          "parameters": {
            "value": "{{ $event.detail.value }}",
            "key": "{{ $current.key }}",
            "index": "{{ $current.index }}",
            "current": "{{ $current }}"
          }
        }
      ]
    },
    "lookupDetailsUnsavedDataDialogOjClose": {
      "chains": [
        {
          "chainId": "DialogCloseChain"
        }
      ]
    },
    "noButtonOjAction": {
      "chains": [
        {
          "chainId": "No_lookupHdr_ButtonActionChain"
        }
      ]
    },
    "noButtonOjAction2": {
      "chains": [
        {
          "chainId": "No_LookupDetails_ButtonActionChain"
        }
      ]
    },
    "ojButtonOjAction": {
      "chains": [
        {
          "chainId": "Create_lookupType_ButtonActionChain"
        }
      ]
    },
    "ojButtonOjAction10": {
      "chains": [
        {
          "chainId": "Clear_ButtonActionChain"
        }
      ]
    },
    "ojButtonOjAction11": {
      "chains": [
        {
          "chainId": "Search_ButtonActionChain"
        }
      ]
    },
    "ojButtonOjAction12": {
      "chains": [
        {
          "chainId": "Add_LookupHdr_ButtonActionChain"
        }
      ]
    },
    "ojButtonOjAction13": {
      "chains": [
        {
          "chainId": "delete_lookupHdr_ButtonActionChain",
          "parameters": {
            "key": "{{ $current.key }}",
            "index": "{{ $current.index }}",
            "current": "{{ $current }}"
          }
        }
      ]
    },
    "ojButtonOjAction14": {
      "chains": [
        {
          "chainId": "Save_LookupHdr_ButtonActionChain"
        }
      ]
    },
    "ojButtonOjAction15": {
      "chains": [
        {
          "chainId": "Add_lookupDetails_ButtonActionChain"
        }
      ]
    },
    "ojButtonOjAction16": {
      "chains": [
        {
          "chainId": "Delete_lookupDetails_ButtonActionChain",
          "parameters": {
            "key": "{{ $current.key }}",
            "index": "{{ $current.index }}",
            "current": "{{ $current }}"
          }
        }
      ]
    },
    "ojButtonOjAction17": {
      "chains": [
        {
          "chainId": "Save_LookupDetails_ButtonActionChain"
        }
      ]
    },
    "ojButtonOjAction2": {
      "chains": [
        {
          "chainId": "Edit_LookUpType_ButtonActionChain"
        }
      ]
    },
    "ojButtonOjAction3": {
      "chains": [
        {
          "chainId": "Create_lookupCode_ButtonActionChain"
        }
      ]
    },
    "ojButtonOjAction4": {
      "chains": [
        {
          "chainId": "Edit_LookupCode_ButtonActionChain"
        }
      ]
    },
    "ojButtonOjAction5": {
      "chains": [
        {
          "chainId": "Close_LookupType_ButtonActionChain"
        }
      ]
    },
    "ojButtonOjAction6": {
      "chains": [
        {
          "chainId": "Close_LookupDetails_ButtonActionChain"
        }
      ]
    },
    "ojButtonOjAction7": {
      "chains": [
        {
          "chainId": "Home_ButtonActionChain"
        }
      ]
    },
    "ojButtonOjAction8": {
      "chains": [
        {
          "chainId": "Save_Update_LookupHdr_ButtonActionChain"
        }
      ]
    },
    "ojButtonOjAction9": {
      "chains": [
        {
          "chainId": "Save_Update_LookupDetails_ButtonActionChain"
        }
      ]
    },
    "ojTableFirstSelectedRow": {
      "chains": [
        {
          "chainId": "LookUpHdr_TableFirstSelectedRowChangeChain",
          "parameters": {
            "rowKey": "{{$event.detail.value.key}}",
            "rowData": "{{$event.detail.value.data}}"
          }
        }
      ]
    },
    "ojTableFirstSelectedRow2": {
      "chains": [
        {
          "chainId": "LookUpDetails_TableFirstSelectedRowChangeChain",
          "parameters": {
            "rowKey": "{{$event.detail.value.key}}",
            "rowData": "{{$event.detail.value.data}}"
          }
        }
      ]
    },
    "ojTableOjBeforeRowEdit": {
      "chains": [
        {
          "chainId": "lookupHdr_TableBeforeRowEditChain",
          "parameters": {
            "rowKey": "{{$event.detail.rowContext.status.rowKey}}",
            "rowIndex": "{{$event.detail.rowContext.status.rowIndex}}",
            "rowData": "{{$event.detail.rowContext.componentElement.getDataForVisibleRow($event.detail.rowContext.status.rowIndex).data}}"
          }
        }
      ]
    },
    "ojTableOjBeforeRowEdit2": {
      "chains": [
        {
          "chainId": "lookupDetails_TableBeforeRowEditChain",
          "parameters": {
            "rowKey": "{{$event.detail.rowContext.status.rowKey}}",
            "rowIndex": "{{$event.detail.rowContext.status.rowIndex}}",
            "rowData": "{{$event.detail.rowContext.componentElement.getDataForVisibleRow($event.detail.rowContext.status.rowIndex).data}}"
          }
        }
      ]
    },
    "ojTableOjBeforeRowEditEnd": {
      "preventDefault": "{{ $page.variables.lookupHdr_disableRowEditExit || !$functions.isFormValid($event.detail, $event) }}",
      "chains": [
        {
          "chainId": "lookupHdr_TableBeforeRowEditEndChain",
          "parameters": {
            "cancelEdit": "{{$event.detail.cancelEdit}}",
            "rowKey": "{{$event.detail.rowContext.status.rowKey}}",
            "rowIndex": "{{$event.detail.rowContext.status.rowIndex}}",
            "event": "{{ $event }}",
            "originalRowData": "{{ $event.detail.rowContext.componentElement.getDataForVisibleRow($event.detail.rowContext.status.rowIndex).data }}",
            "rowData": "{{ $variables.LookupHdr_currentRowBuffer }}"

          }
        }
      ]
    },
    "ojTableOjBeforeRowEditEnd2": {
      "preventDefault": "{{ $page.variables.lookupDetails_disableRowEditExit || !$functions.isFormValid($event.detail, $event) }}",
      "chains": [
        {
          "chainId": "lookupDetails_TableBeforeRowEditEndChain",
          "parameters": {
            "cancelEdit": "{{$event.detail.cancelEdit}}",
            "rowKey": "{{$event.detail.rowContext.status.rowKey}}",
            "rowIndex": "{{$event.detail.rowContext.status.rowIndex}}",
            "originalRowData": "{{$event.detail.rowContext.componentElement.getDataForVisibleRow($event.detail.rowContext.status.rowIndex).data}}",
            "event": "{{ $event }}",
            "rowData": "{{ $variables.LookupDetails_currentRowBuffer }}"
          }
        }
      ]
    },
    "vbEnter": {
      "chains": [
        {
          "chainId": "pageLoad",
          "parameters": {}
        }
      ]
    },
    "yesButtonOjAction": {
      "chains": [
        {
          "chainId": "Yes_lookupHdr_ButtonActionChain"
        }
      ]
    },
    "yesButtonOjAction2": {
      "chains": [
        {
          "chainId": "Yes_LookupDetails_ButtonActionChain"
        }
      ]
    },
    "yesButtonOjAction3": {
      "chains": [
        {
          "chainId": "Ok_ButtonActionChain"
        }
      ]
    }

  },
  "imports": {
    "components": {
      "oj-button": {
        "path": "ojs/ojbutton"
      },
      "oj-checkboxset": {
        "path": "ojs/ojcheckboxset"
      },
      "oj-collapsible": {
        "path": "ojs/ojcollapsible"
      },
      "oj-date-picker": {
        "path": "ojs/ojdatetimepicker"
      },
      "oj-dialog": {
        "path": "ojs/ojdialog"
      },
      "oj-form-layout": {
        "path": "ojs/ojformlayout"
      },
      "oj-input-date": {
        "path": "ojs/ojdatetimepicker"
      },
      "oj-input-text": {
        "path": "ojs/ojinputtext"
      },
      "oj-label": {
        "path": "ojs/ojlabel"
      },
      "oj-option": {
        "path": "ojs/ojoption"
      },
      "oj-sample-checkbox-switch": {
        "path": "oj-sample/checkbox-switch/loader"
      },
      "oj-sample-export-data": {
        "path": "oj-sample/export-data/loader"
      },
      "oj-sample-show-when-ready": {
        "path": "oj-sample/show-when-ready/loader"
      },
      "oj-select-one": {
        "path": "ojs/ojselectcombobox"
      },
      "oj-select-single": {
        "path": "ojs/ojselectsingle"
      },
      "oj-table": {
        "path": "ojs/ojtable"
      },
      "oj-toolbar": {
        "path": "ojs/ojtoolbar"
      },
      "oj-validation-group": {
        "path": "ojs/ojvalidationgroup"
      }

    },
    "modules": {
      "ojValidationDateTime": {
        "path": "ojs/ojvalidation-datetime"
      }
    }
  }
}
