{
    "fields": [
        {
            "type": "number",
            "name": "id",
            "internal": false,
            "key": true,
            "oid": "c9904279-66d7-4769-90ab-76d8b62a80ea",
            "required": true,
            "unique": true,
            "displayLabel": "Id"
        },
        {
            "type": "datetime",
            "name": "creationDate",
            "internal": false,
            "oid": "61aef703-d026-4681-97cf-fa09ab9226de",
            "displayLabel": "Created",
            "historyType": "timeCreated"
        },
        {
            "type": "datetime",
            "name": "lastUpdateDate",
            "internal": false,
            "oid": "50455e7f-1794-40ad-85d1-cf30594e71b1",
            "displayLabel": "Last Updated",
            "historyType": "timeUpdated"
        },
        {
            "type": "string",
            "name": "createdBy",
            "internal": false,
            "oid": "9841814d-9628-49b7-ac29-c76cceba2ebc",
            "displayLabel": "Created By",
            "historyType": "createdBy"
        },
        {
            "type": "string",
            "name": "lastUpdatedBy",
            "internal": false,
            "oid": "08297d54-62b8-41d9-a34d-331cbc14499b",
            "displayLabel": "Last Updated By",
            "historyType": "updatedBy"
        },
        {
            "type": "number",
            "name": "versionNumber",
            "internal": false,
            "oid": "5d6099a9-4ad0-4e17-bdf8-88c0373b8d4c",
            "displayLabel": "Version Number",
            "historyType": "versionNumber"
        },
        {
            "type": "string",
            "name": "period",
            "oid": "0cd305ed-c67e-47e1-9920-3c40e90ad1d4",
            "displayLabel": "Period"
        },
        {
            "type": "string",
            "name": "startTime",
            "oid": "de4d7b15-48ca-48bc-9eda-27e61c444154",
            "displayLabel": "StartTime"
        },
        {
            "type": "string",
            "name": "endTime",
            "oid": "a849d263-b4ca-44a6-8216-9be41b0d5dae",
            "displayLabel": "EndTime"
        }
    ],
    "name": "Period",
    "oid": "354315e8-f69d-4084-a347-12be3343a3a3",
    "displayLabel": "Period"
}