{
    "objects": [
        {
            "name": "17272564259568874495228804300804.jpg"
        },
        {
            "name": "1727339927918124072983529857032.jpg"
        },
        {
            "name": "17273401675158008212661847621008.jpg"
        },
        {
            "name": "AusPassport.png"
        },
        {
            "name": "aithenaDummyMeeting.wav"
        },
        {
            "name": "aithena_audio_input_26:09:2024-03:12PM"
        },
        {
            "name": "aithena_audio_input_26:09:2024-03:14PM"
        },
        {
            "name": "aithena_audio_input_26:09:2024-03:17PM"
        },
        {
            "name": "aithena_audio_input_26:09:2024-03:19PM"
        },
        {
            "name": "aithena_audio_input_26:09:2024-03:20PM"
        },
        {
            "name": "aithena_audio_input_26:09:2024-03:23PM"
        },
        {
            "name": "aithena_audio_input_26:09:2024-03:24PM"
        },
        {
            "name": "from_code_test"
        },
        {
            "name": "job-amaaaaaafgtjjhaa4nqqrmj72p7sn53earvgyhea24vpov57wxj53ibojswa/v1erp_ent_apps_ai_services_aithenaDummyMeeting.wav.json"
        },
        {
            "name": "job-amaaaaaafgtjjhaa4nqqrmj72p7sn53earvgyhea24vpov57wxj53ibojswa/v1erp_ent_apps_ai_services_aithenaDummyMeeting.wav.srt"
        },
        {
            "name": "job-amaaaaaafgtjjhaa6vfeabe7mgyd2uxfjxhehrfpu4g4exeqrvp3tejj7n2q/v1erp_ent_apps_ai_services_aithena_audio_input_26:09:2024-03:20PM.json"
        },
        {
            "name": "job-amaaaaaafgtjjhaa6vfeabe7mgyd2uxfjxhehrfpu4g4exeqrvp3tejj7n2q/v1erp_ent_apps_ai_services_aithena_audio_input_26:09:2024-03:20PM.srt"
        },
        {
            "name": "job-amaaaaaafgtjjhaa732auxem2db3q3jub7cu62eiteok5lk7jx44csnuk3pa/v1erp_ent_apps_ai_services_aithenaDummyMeeting.wav.json"
        },
        {
            "name": "job-amaaaaaafgtjjhaa732auxem2db3q3jub7cu62eiteok5lk7jx44csnuk3pa/v1erp_ent_apps_ai_services_aithenaDummyMeeting.wav.srt"
        },
        {
            "name": "job-amaaaaaafgtjjhaacr2od3wnt2bjz4egta3qm5ryhdlaaiglp4rjpgsyya2a/v1erp_ent_apps_ai_services_aithenaDummyMeeting.wav.json"
        },
        {
            "name": "job-amaaaaaafgtjjhaacr2od3wnt2bjz4egta3qm5ryhdlaaiglp4rjpgsyya2a/v1erp_ent_apps_ai_services_aithenaDummyMeeting.wav.srt"
        },
        {
            "name": "job-amaaaaaafgtjjhaahafy62jtu3rn4desbi2xbsgqqpfx4647bj4qyhutvhla/v1erp_ent_apps_ai_services_aithenaDummyMeeting.wav.json"
        },
        {
            "name": "job-amaaaaaafgtjjhaahafy62jtu3rn4desbi2xbsgqqpfx4647bj4qyhutvhla/v1erp_ent_apps_ai_services_aithenaDummyMeeting.wav.srt"
        },
        {
            "name": "job-amaaaaaafgtjjhaahq6ucavnph64sicuvtuv753ofqc4m6rwrpwevzniejia/v1erp_ent_apps_ai_services_aithenaDummyMeeting.wav.json"
        },
        {
            "name": "job-amaaaaaafgtjjhaahq6ucavnph64sicuvtuv753ofqc4m6rwrpwevzniejia/v1erp_ent_apps_ai_services_aithenaDummyMeeting.wav.srt"
        },
        {
            "name": "job-amaaaaaafgtjjhaak3lb5rz47r7bu7qqnmeah2xchpubkx46pfly3xi6t75q/v1erp_ent_apps_ai_services_aithena_audio_input_26:09:2024-03:19PM.json"
        },
        {
            "name": "job-amaaaaaafgtjjhaak3lb5rz47r7bu7qqnmeah2xchpubkx46pfly3xi6t75q/v1erp_ent_apps_ai_services_aithena_audio_input_26:09:2024-03:19PM.srt"
        },
        {
            "name": "job-amaaaaaafgtjjhaalen2hjttm3ngb2chjaq5fnka6mqu2lnwdctrvgg4wqmq/v1erp_ent_apps_ai_services_aithena_audio_input_26:09:2024-03:14PM.json"
        },
        {
            "name": "job-amaaaaaafgtjjhaalen2hjttm3ngb2chjaq5fnka6mqu2lnwdctrvgg4wqmq/v1erp_ent_apps_ai_services_aithena_audio_input_26:09:2024-03:14PM.srt"
        },
        {
            "name": "job-amaaaaaafgtjjhaaocdzmnpn4umrv74475abh3lte5jlb2sltauxvwdtsdxq/v1erp_ent_apps_ai_services_aithenaDummyMeeting.wav.json"
        },
        {
            "name": "job-amaaaaaafgtjjhaaocdzmnpn4umrv74475abh3lte5jlb2sltauxvwdtsdxq/v1erp_ent_apps_ai_services_aithenaDummyMeeting.wav.srt"
        },
        {
            "name": "job-amaaaaaafgtjjhaardultabpy4egmoladhdg3crt4onlpws5ol5o6uxrzvnq/v1erp_ent_apps_ai_services_aithena_audio_input_26:09:2024-03:12PM.json"
        },
        {
            "name": "job-amaaaaaafgtjjhaardultabpy4egmoladhdg3crt4onlpws5ol5o6uxrzvnq/v1erp_ent_apps_ai_services_aithena_audio_input_26:09:2024-03:12PM.srt"
        },
        {
            "name": "job-amaaaaaafgtjjhaatcwfhmnndnwotwfonxn3yydkdpspb2gcqoimjfylif5q/v1erp_ent_apps_ai_services_aithenaDummyMeeting.wav.json"
        },
        {
            "name": "job-amaaaaaafgtjjhaatcwfhmnndnwotwfonxn3yydkdpspb2gcqoimjfylif5q/v1erp_ent_apps_ai_services_aithenaDummyMeeting.wav.srt"
        },
        {
            "name": "job-amaaaaaafgtjjhaawewckevzpkhhh45sffuimyubcjsqxkd3mmtskonzkxla/v1erp_ent_apps_ai_services_aithena_audio_input_26:09:2024-03:23PM.json"
        },
        {
            "name": "job-amaaaaaafgtjjhaawewckevzpkhhh45sffuimyubcjsqxkd3mmtskonzkxla/v1erp_ent_apps_ai_services_aithena_audio_input_26:09:2024-03:23PM.srt"
        },
        {
            "name": "job-amaaaaaafgtjjhaay4yirvt2ad64kprqu3c5selvm7bkfeh4sdpjoekfvuwa/v1erp_ent_apps_ai_services_aithena_audio_input_26:09:2024-03:17PM.json"
        },
        {
            "name": "job-amaaaaaafgtjjhaay4yirvt2ad64kprqu3c5selvm7bkfeh4sdpjoekfvuwa/v1erp_ent_apps_ai_services_aithena_audio_input_26:09:2024-03:17PM.srt"
        },
        {
            "name": "job-amaaaaaafgtjjhaaycap6jq42y3r2khmwip7gdna3xiobxgcrnumvkclid3a/v1erp_ent_apps_ai_services_aithenaDummyMeeting.wav.json"
        },
        {
            "name": "job-amaaaaaafgtjjhaaycap6jq42y3r2khmwip7gdna3xiobxgcrnumvkclid3a/v1erp_ent_apps_ai_services_aithenaDummyMeeting.wav.srt"
        },
        {
            "name": "job-amaaaaaafgtjjhaazpwd2eah7s4ee56txsyf63ojmf63c45y7fpfrifjbk4a/v1erp_ent_apps_ai_services_aithenaDummyMeeting.wav.json"
        },
        {
            "name": "job-amaaaaaafgtjjhaazpwd2eah7s4ee56txsyf63ojmf63c45y7fpfrifjbk4a/v1erp_ent_apps_ai_services_aithenaDummyMeeting.wav.srt"
        },
        {
            "name": "job-amaaaaaafgtjjhaazvbwsebtlj65hk2iocsyb3iidvaumeclb66uh34w47ha/v1erp_ent_apps_ai_services_aithena_audio_input_26:09:2024-03:24PM.json"
        },
        {
            "name": "job-amaaaaaafgtjjhaazvbwsebtlj65hk2iocsyb3iidvaumeclb66uh34w47ha/v1erp_ent_apps_ai_services_aithena_audio_input_26:09:2024-03:24PM.srt"
        },
        {
            "name": "test_return_headers"
        }
    ]
}