{
  "description": "",
  "root": "assignVariablesBlankRecord",
  "actions": {
    "assignVariablesBlankRecord": {
      "module": "vb/action/builtin/assignVariablesAction",
      "parameters": {
        "$variables.blankRecord": {
          "source": {
            "lookup_id": "{{ $functions.getNextId() }}",
            "enabled_flag": "Y",
            "start_date_active": "{{ $functions.getDateTime() }}",
            "attribute3": "Y"
          },
          "reset": "none",
          "auto": "always"
        }
      },
      "outcomes": {
        "success": "fireDataProviderEventLookupHdrADP"
      }
    },
    "fireDataProviderEventLookupHdrADP": {
      "module": "vb/action/builtin/fireDataProviderEventAction",
      "parameters": {
        "target": "[[ $page.variables.lookupHdr_ADP ]]",
        "add": {
          "data": "{{ [$variables.blankRecord] }}",
          "keys": "{{ [ $variables.blankRecord.lookup_id] }}"
        }
      },
      "outcomes": {
        "success": "assignVariablesLookupHdrRowStatus"
      }
    },
    "assignVariablesLookupHdrRowStatus": {
      "module": "vb/action/builtin/assignVariablesAction",
      "parameters": {
        "$page.variables.lookupHdr_rowStatus[$variables.blankRecord.lookup_id]": {
          "source": "inserted"
        }
      },
      "outcomes": {
        "success": "assignVariablesLookupHdrEditRow"
      }
    },
    "assignVariablesLookupHdrEditRow": {
      "module": "vb/action/builtin/assignVariablesAction",
      "parameters": {
        "$page.variables.lookupHdr_editRow": {
          "source": "{{ {rowKey: $variables.blankRecord.lookup_id} }}"
        },
        "$page.variables.lookupHdr_scrollPosition": {
          "source": "{{ {rowKey: $variables.blankRecord.lookup_id} }}"
        },
        "$page.variables.varDisableLookupHdrAddBtn": {
          "source": true
        }
      }
    }
  },
  "variables": {
    "blankRecord": {
      "type": "getlookupHdr_Type"
    }
  }
}