{
  "description": "",
  "root": "ifVarSelected",
  "actions": {
    "assignVariablesBlankRecord": {
      "module": "vb/action/builtin/assignVariablesAction",
      "parameters": {
        "$variables.blankRecord": {
          "source": {
            "detail_id": "{{ $functions.getNextId() }}",
            "enabled_flag": "Y",
            "start_date_active": "{{ $functions.getDateTime() }}",
            "lookup_id": "{{ $functions.getNextId() }}",
            "attribute1": "{{ $page.variables.varSelected.LookupName }}"
          },
          "reset": "none",
          "auto": "always"
        }
      },
      "outcomes": {
        "success": "fireDataProviderEventLookupDetailsADP"
      }
    },
    "fireDataProviderEventLookupDetailsADP": {
      "module": "vb/action/builtin/fireDataProviderEventAction",
      "parameters": {
        "target": "[[ $page.variables.LookupDetails_ADP ]]",
        "add": {
          "data": "{{ [$variables.blankRecord] }}",
          "keys": "{{ [$variables.blankRecord.lookup_id] }}"
        }
      },
      "outcomes": {
        "success": "assignVariablesLookupDetailsRowStatus"
      }
    },
    "assignVariablesLookupDetailsRowStatus": {
      "module": "vb/action/builtin/assignVariablesAction",
      "parameters": {
        "$page.variables.lookupDetails_rowStatus[$variables.blankRecord.lookup_id]": {
          "source": "inserted"
        }
      },
      "outcomes": {
        "success": "assignVariablesLookupDetailsEditRow"
      }
    },
    "assignVariablesLookupDetailsEditRow": {
      "module": "vb/action/builtin/assignVariablesAction",
      "parameters": {
        "$page.variables.lookupDetails_editRow": {
          "source": "{{ {rowKey: $variables.blankRecord.detail_id} }}"
        },
        "$page.variables.lookupDetails_scrollPosition": {
          "source": "{{ {rowKey: $variables.blankRecord.detail_id} }}"
        },
        "$page.variables.varDisableLookupDetailAddBtn": {
          "source": true
        }
      }
    },
    "callComponentLookupHeaderUnsavedDataInfoOpen": {
      "module": "vb/action/builtin/callComponentMethodAction",
      "parameters": {
        "component": "{{ document.getElementById('lookupHeader_unsaved-data_info') }}",
        "method": "open"
      }
    },
    "ifVarSelected": {
      "module": "vb/action/builtin/ifAction",
      "parameters": {
        "condition": "[[ $page.variables.varSelected.LookupId > 0 ]]"
      },
      "outcomes": {
        "true": "assignVariablesBlankRecord",
        "false": "assignVariablesVarDisplayMessage"
      }
    },
    "assignVariablesVarDisplayMessage": {
      "module": "vb/action/builtin/assignVariablesAction",
      "parameters": {
        "$page.variables.varDisplayMessage": {
          "source": "{{ \"Please Save Lookup Code : '\"+$page.variables.varSelected.LookupCode+\"' Before adding Lookup Details.\" }}"
        }
      },
      "outcomes": {
        "success": "callComponentLookupHeaderUnsavedDataInfoOpen"
      }
    }
  },
  "variables": {
    "blankRecord": {
      "type": "getLookupDetails_Type"
    }
  }
}