{
  "description": "",
  "root": "assignVariablesVarButtonMode",
  "actions": {
    "callComponentCreateEditLookUpTypeOpen": {
      "module": "vb/action/builtin/callComponentMethodAction",
      "parameters": {
        "component": "{{ document.getElementById('Create_Edit_LookUpType') }}",
        "method": "open"
      }
    },
    "assignVariablesVarButtonMode": {
      "module": "vb/action/builtin/assignVariablesAction",
      "parameters": {
        "$page.variables.varButtonMode": {
          "source": "edit"
        }
      },
      "outcomes": {
        "success": "callComponentCreateEditLookUpTypeOpen"
      }
    }
  },
  "variables": {}
}