{
  "description": "",
  "root": "if",
  "actions": {
    "if": {
      "module": "vb/action/builtin/ifAction",
      "parameters": {
        "condition": "[[ $page.variables.lookupDetails_disableRowEditExit || !$functions.isFormValid($variables.event.detail, $variables.event) || $variables.cancelEdit ]]"
      },
      "outcomes": {
        "false": "if3"
      }
    },
    "if3": {
      "module": "vb/action/builtin/ifAction",
      "parameters": {
        "condition": "[[ $functions.areDifferent($variables.rowData, $variables.originalRowData) ]]"
      },
      "outcomes": {
        "true": "fireDataProviderEventLookupDetailsADP",
        "false": "assignVariablesVarDisableLookupDetailAddBtn"
      }
    },
    "fireDataProviderEventLookupDetailsADP": {
      "module": "vb/action/builtin/fireDataProviderEventAction",
      "parameters": {
        "target": "[[ $page.variables.LookupDetails_ADP ]]",
        "update": {
          "data": "{{ [$variables.rowData] }}",
          "keys": "{{ [$variables.rowKey] }}"
        }
      },
      "outcomes": {
        "success": "if4"
      }
    },
    "if4": {
      "module": "vb/action/builtin/ifAction",
      "parameters": {
        "condition": "[[ $page.variables.lookupDetails_rowStatus[$variables.rowKey] === undefined ]]"
      },
      "outcomes": {
        "true": "assignVariablesLookupDetailsRowStatus",
        "false": "assignVariablesVarDisableLookupDetailAddBtn"
      }
    },
    "assignVariablesLookupDetailsRowStatus": {
      "module": "vb/action/builtin/assignVariablesAction",
      "parameters": {
        "$page.variables.lookupDetails_rowStatus[$variables.rowKey]": {
         "source": "modified"
        }
      },
      "outcomes": {
        "success": "assignVariablesVarDisableLookupDetailAddBtn"
      }
    },
    "assignVariablesVarDisableLookupDetailAddBtn": {
      "module": "vb/action/builtin/assignVariablesAction",
      "parameters": {
        "$page.variables.varDisableLookupDetailAddBtn": {
          "source": false
        }
      }
    }
  },
  "variables": {
    "cancelEdit": {
      "required": true,
      "type": "any",
      "input": "fromCaller"
    },
    "event": {
      "type": "any",
      "required": true,
      "input": "fromCaller"
    },
    "originalRowData": {
      "type": "getLookupDetails_Type",
      "required": true,
      "input": "fromCaller"
    },
    "rowKey": {
      "required": true,
      "type": "any",
      "input": "fromCaller"
    },
    "rowIndex": {
      "required": true,
      "type": "number",
      "input": "fromCaller"
    },
    "rowData": {
      "type": "getLookupDetails_Type",
      "required": true,
      "input": "fromCaller"
    }
  }
}