{
  "description": "",
  "root": "ifRowKey",
  "actions": {
    "ifRowKey": {
      "module": "vb/action/builtin/ifAction",
      "parameters": {
        "condition": "[[ $variables.rowKey ]]"
      },
      "outcomes": {
        "true": "callFunctionPrintlog1",
        "false": "assignVariablesVarDisableLookupDetailsEditBtn"
      }
    },
    "callFunctionPrintlog1": {
      "module": "vb/action/builtin/callModuleFunctionAction",
      "parameters": {
        "module": "[[ $application.functions ]]",
        "functionName": "printlog1",
        "params": [
          "Row Data --RLookUp Details",
          "{{ $variables.originalRowData }}"
        ]
      },
      "outcomes": {
        "success": "assignVariablesLookupDetailsPayload"
      }
    },
    "assignVariablesVarDisableLookupDetailsEditBtn": {
      "module": "vb/action/builtin/assignVariablesAction",
      "parameters": {
        "$page.variables.varDisable_LookupDetails_Edit_Btn": {
          "source": true
        }
      }
    },
    "assignVariablesLookupDetailsPayload": {
      "module": "vb/action/builtin/assignVariablesAction",
      "parameters": {
        "$page.variables.LookupDetails_Payload": {
          "source": "{{ $variables.originalRowData }}",
          "auto": "always"
        },
        "$page.variables.varDisable_LookupDetails_Edit_Btn": {
          "source": false
        },
        "$page.variables.varEnabled": {
          "source": [
            "{{ $variables.originalRowData.enabled_flag=='Y' ? 'Y' : 'N' }}"
          ],
          "reset": "none",
          "auto": "always"
        }
      }
    }
  },
  "variables": {
    "rowKey": {
      "required": true,
      "type": "any",
      "input": "fromCaller"
    },
    "rowData": {
      "required": true,
      "type": "any",
      "input": "fromCaller"
    }
  }
}