{
  "description": "",
  "root": "if",
  "actions": {
    "if": {
      "module": "vb/action/builtin/ifAction",
      "parameters": {
        "condition": "[[ $page.variables.lookupHdr_disableRowEditExit || !$functions.isFormValid($variables.event.detail, $variables.event) || $variables.cancelEdit ]]"
      },
      "outcomes": {
        "false": "if2"
      }
    },
    "fireDataProviderEventLookupHdrADP": {
      "module": "vb/action/builtin/fireDataProviderEventAction",
      "parameters": {
        "target": "[[ $page.variables.lookupHdr_ADP ]]",
        "update": {

          "keys": "{{ [$variables.rowKey] }}",
          "data": "{{ [$variables.rowData] }}"
        }
      },
      "outcomes": {
        "success": "if4"
      }
    },
    "if4": {
      "module": "vb/action/builtin/ifAction",
      "parameters": {
        "condition": "[[ $page.variables.lookupHdr_rowStatus[$variables.rowKey] === undefined ]]"
      },
      "outcomes": {
        "true": "assignVariablesLookupHdrRowStatus",
        "false": "assignVariablesVarDisableLookupHdrAddBtn"
      }
    },
    "assignVariablesLookupHdrRowStatus": {
      "module": "vb/action/builtin/assignVariablesAction",
      "parameters": {
        "$page.variables.lookupHdr_rowStatus[$variables.rowKey]": {
          "source": "modified"
        }
      },
      "outcomes": {
        "success": "assignVariablesVarDisableLookupHdrAddBtn"
      }
    },
    "assignVariablesVarDisableLookupHdrAddBtn": {
      "module": "vb/action/builtin/assignVariablesAction",
      "parameters": {
        "$page.variables.varDisableLookupHdrAddBtn": {
          "source": false
        },
        "$page.variables.varLookupHdr_TableRowSelectionMode": {
          "source": "single"
        }
      }
    },
    "if2": {
      "module": "vb/action/builtin/ifAction",
      "parameters": {
        "condition": "[[ $functions.areDifferent($variables.rowData, $variables.originalRowData) ]]"
      },
      "outcomes": {
        "true": "fireDataProviderEventLookupHdrADP",
        "false": "assignVariablesVarDisableLookupHdrAddBtn"
      }
    }
  },
  "variables": {
    "cancelEdit": {
      "required": true,
      "type": "any",
      "input": "fromCaller"
    },
    "event": {
      "type": "any",
      "required": true,
      "input": "fromCaller"
    },
    "originalRowData": {
      "type": "getlookupHdr_Type",
      "required": true,
      "input": "fromCaller"
    },
    "rowKey": {
      "required": true,
      "type": "any",
      "input": "fromCaller"
    },
    "rowIndex": {
      "required": true,
      "type": "number",
      "input": "fromCaller"
    },
    "rowData": {
      "type": "getlookupHdr_Type",
      "required": true,
      "input": "fromCaller"
    }
  }
}