{
  "root": "assignVariablesVarDisableLookupDetailsEditBtn",
  "description": "",
  "variables": {
    "p_lookup_type": {
      "type": "string"
    }
  },
  "actions": {
    "assignVariablesVarDisableLookupDetailsEditBtn": {
      "module": "vb/action/builtin/assignVariablesAction",
      "parameters": {
        "$page.variables.varDisable_LookupDetails_Edit_Btn": {
          "source": true
        },
        "$page.variables.varDisable_LookupHdr_Edit_Btn": {
          "source": true
        },        
        "$page.variables.varHideSearch": {
          "source": true
        }
      },
      "outcomes": {
        "success": "callRestGetlookupHdr"
      }
    },
    "fireNotification": {
      "module": "vb/action/builtin/fireNotificationEventAction",
      "parameters": {
        "target": "leaf",
        "summary": "[[ $chain.results.callRestGetlookupHdr.message.summary ]]",
        "type": "error",
        "displayMode": "persist"
      }
    },
    "assignVariablesLookupCodeNameLOVADP": {
      "module": "vb/action/builtin/assignVariablesAction",
      "parameters": {
        "$page.variables.LookupCode_Name_LOV_ADP": {
          "source": {
            "data": "{{ $chain.results.callRestGetlookupHdr.body.items }}"
          },
          "reset": "none",
          "auto": "always",
          "mapping": {
            "$target.data": {
              "source": "$source.data",
              "reset": "empty"
            }
          }
        }
      }
    },
    "callRestGetlookupHdr": {
      "module": "vb/action/builtin/restAction",
      "parameters": {
        "endpoint": "ordsErpCommon/getlookupHdr"
      },
      "outcomes": {
        "failure": "fireNotification",
        "success": "assignVariablesLookupCodeNameLOVADP"
      }
    }
  }
}