{
  "description": "",
  "root": "if3",
  "actions": {
    "callComponentOjDialogLoadingOpen": {
      "module": "vb/action/builtin/callComponentMethodAction",
      "parameters": {
        "component": "{{ document.getElementById('oj-dialog-Loading') }}",
        "method": "open"
      },
      "outcomes": {
        "success": "resetVariablesStatus"
      }
    },
    "resetVariablesStatus": {
      "module": "vb/action/builtin/resetVariablesAction",
      "parameters": {
        "variables": [
          "$variables.status"
        ]
      },
      "outcomes": {
        "success": "callFunctionCreateBatchPayloadLookupHdr"
      }
    },
    "callFunctionPrintlog1": {
      "module": "vb/action/builtin/callModuleFunctionAction",
      "parameters": {
        "module": "[[ $application.functions ]]",
        "functionName": "printlog1",
        "params": [
          "Payload from Function",
          "{{ $chain.results.callFunctionCreateBatchPayloadLookupHdr }}"
        ]
      },
      "outcomes": {
        "success": "forEach"
      }
    },
    "forEach": {
      "module": "vb/action/builtin/forEachAction",
      "parameters": {
        "items": "{{ $chain.results.callFunctionCreateBatchPayloadLookupHdr }}",
        "actionId": "callRestPostHdr"
      },
      "outcomes": {
        "success": "ifStatus"
      }
    },
    "fireNotification": {
      "module": "vb/action/builtin/fireNotificationEventAction",
      "parameters": {
        "target": "leaf",
        "summary": "[[ \"Lookup Code is - \"+$current.data.lookup_code ]]",
        "type": "error",
        "displayMode": "persist",
        "message": "[[ $chain.results.callRestPostHdr.body.cause ]]"
      }
    },
    "assignVariablesStatus": {
      "module": "vb/action/builtin/assignVariablesAction",
      "parameters": {
        "$variables.status": {
          "source": "error"
        }
      },
      "outcomes": {
        "success": "fireNotification"
      }
    },
    "if": {
      "module": "vb/action/builtin/ifAction",
      "parameters": {
        "condition": "[[ $chain.results.callRestPostHdr.body.Status == \"200\" ]]"
      },
      "outcomes": {
        "false": "assignVariablesStatus3",
        "true": "assignVariablesVarSearch"
      }
    },
    "assignVariablesStatus3": {
      "module": "vb/action/builtin/assignVariablesAction",
      "parameters": {
        "$variables.status": {
          "source": "error"
        }
      },
      "outcomes": {
        "success": "fireNotification3"
      }
    },
    "fireNotification3": {
      "module": "vb/action/builtin/fireNotificationEventAction",
      "parameters": {
        "target": "leaf",
        "summary": "[[ \"Lookup Code is - \"+$current.data.lookup_code ]]",
        "message": "[[ $chain.results.callRestPostHdr.body.Results ]]"
      }
    },
    "ifStatus": {
      "module": "vb/action/builtin/ifAction",
      "parameters": {
        "condition": "[[ $variables.status == \"error\" ]]"
      },
      "outcomes": {
        "false": "fireNotification4",
        "true": "callComponentOjDialogLoadingClose"
      }
    },
    "fireNotification4": {
      "module": "vb/action/builtin/fireNotificationEventAction",
      "parameters": {
        "target": "leaf",
        "summary": "Changes were Successfully Saved!",
        "displayMode": "transient",
        "type": "confirmation"
      },
      "outcomes": {
        "success": "resetVariablesLookupHdrRowStatus"
      }
    },
    "resetVariablesLookupHdrRowStatus": {
      "module": "vb/action/builtin/resetVariablesAction",
      "parameters": {
        "variables": [
          "$page.variables.lookupHdr_rowStatus",
          "$page.variables.varSelected"
        ]
      },
      "outcomes": {
        "success": "callChainSearchButtonActionChain"
      }
    },
    "callChainSearchButtonActionChain": {
      "module": "vb/action/builtin/callChainAction",
      "parameters": {
        "id": "Search_ButtonActionChain"
      },
      "outcomes": {
        "success": "callComponentOjDialogLoadingClose"
      }
    },
    "callComponentOjDialogLoadingClose": {
      "module": "vb/action/builtin/callComponentMethodAction",
      "parameters": {
        "component": "{{ document.getElementById('oj-dialog-Loading') }}",
        "method": "close"
      }
    },
    "callFunctionCreateBatchPayloadLookupHdr": {
      "module": "vb/action/builtin/callModuleFunctionAction",
      "parameters": {
        "module": "[[ $functions ]]",
        "functionName": "createBatchPayload_lookupHdr",
        "params": [
          "{{ $page.variables.lookupHdr_ADP.data }}",
          "{{ $page.variables.lookupHdr_rowStatus }}",
          "999"
        ]
      },
      "outcomes": {
        "success": "callFunctionPrintlog1"
      }
    },
    "assignVariablesVarSearch": {
      "module": "vb/action/builtin/assignVariablesAction",
      "parameters": {
        "$page.variables.varSearch": {
          "source": {
            "LookupCode": "{{ $current.data.lookup_code }}"
          },
          "reset": "none",
          "auto": "always"
        }
      }
    },
    "if3": {
      "module": "vb/action/builtin/ifAction",
      "parameters": {
        "condition": "[[ $application.functions.isFormValid(\"lookupHdrForm\") ]]"
      },
      "outcomes": {
        "true": "callComponentOjDialogLoadingOpen"
      }
    },
    "callRestPostHdr": {
      "module": "vb/action/builtin/restAction",
      "parameters": {
        "endpoint": "ordsErpCommon/postHdr",
        "body": "{{ $current.data }}"
      },
      "outcomes": {
        "failure": "assignVariablesStatus",
        "success": "if"
      }
    }
  },
  "variables": {
    "status": {
      "type": "string"
    }
  }
}