{
  "description": "",
  "root": "ifVarButtonMode",
  "actions": {
    "ifVarButtonMode": {
      "module": "vb/action/builtin/ifAction",
      "parameters": {
        "condition": "[[ $page.variables.varButtonMode == \"home\" ]]"
      },
      "outcomes": {
        "true": "navigateToMainMainStart",
        "false": "resetVariablesLookupHdrRowStatus"
      }
    },
    "navigateToMainMainStart": {
      "module": "vb/action/builtin/navigateAction",
      "@dt": {
        "targetType": "flow"
      },
      "parameters": {
        "target": "parent",
        "flow": "main",
        "page": "main-start"
      }
    },
    "resetVariablesLookupHdrRowStatus": {
      "module": "vb/action/builtin/resetVariablesAction",
      "parameters": {
        "variables": [
          "$page.variables.lookupHdr_rowStatus"
        ]
      },
      "outcomes": {
        "success": "callComponentLookupHdrUnsavedDataDialogClose"
      }
    },
    "callComponentLookupHdrUnsavedDataDialogClose": {
      "module": "vb/action/builtin/callComponentMethodAction",
      "parameters": {
        "component": "{{ document.getElementById('lookupHdr_unsaved-data-dialog') }}",
        "method": "close"
      },
      "outcomes": {
        "success": "callChainSearchButtonActionChain"
      }
    },
    "callChainSearchButtonActionChain": {
      "module": "vb/action/builtin/callChainAction",
      "parameters": {
        "id": "Search_ButtonActionChain"
      }
    }
  },
  "variables": {}
}