{
  "description": "",
  "root": "callComponentLookupDetailsUnsavedDataDialogClose",
  "actions": {
    "callComponentLookupDetailsUnsavedDataDialogClose": {
      "module": "vb/action/builtin/callComponentMethodAction",
      "parameters": {
        "component": "{{ document.getElementById('lookupDetails_unsaved-data-dialog') }}",
        "method": "close"
      },
      "outcomes": {
        "success": "ifVarButtonMode"
      }
    },
    "ifVarButtonMode": {
      "module": "vb/action/builtin/ifAction",
      "parameters": {
        "condition": "[[ $page.variables.varButtonMode == 'home' ]]"
      },
      "outcomes": {
        "true": "navigateToMainMainStart",
        "false": "ifVarButtonMode2"
      }
    },
    "navigateToMainMainStart": {
      "module": "vb/action/builtin/navigateAction",
      "@dt": {
        "targetType": "flow"
      },
      "parameters": {
        "target": "parent",
        "flow": "main",
        "page": "main-start"
      }
    },
    "ifVarButtonMode2": {
      "module": "vb/action/builtin/ifAction",
      "parameters": {
        "condition": "[[ $page.variables.varButtonMode == 'lookupHdr_tableRow' ]]"
      },
      "outcomes": {
        "true": "resetVariablesLookupDetailsRowStatus2",
        "false": "ifVarButtonMode3"
      }
    },
    "ifVarButtonMode3": {
      "module": "vb/action/builtin/ifAction",
      "parameters": {
        "condition": "[[ $page.variables.varButtonMode == 'lookupHdr_addBtn' ]]"
      },
      "outcomes": {
        "true": "resetVariablesLookupDetailsRowStatus"
      }
    },
    "callChainAddButtonActionChain": {
      "module": "vb/action/builtin/callChainAction",
      "parameters": {
        "id": "Add_LookupHdr_ButtonActionChain"
      }
    },
    "resetVariablesLookupDetailsRowStatus": {
      "module": "vb/action/builtin/resetVariablesAction",
      "parameters": {
        "variables": [
          "$page.variables.lookupDetails_rowStatus"
        ]
      },
      "outcomes": {
        "success": "callChainAddButtonActionChain"
      }
    },
    "callChainSearchLookupDetails": {
      "module": "vb/action/builtin/callChainAction",
      "parameters": {
        "id": "Search_LookupDetails"
      }
    },
    "resetVariablesLookupDetailsRowStatus2": {
      "module": "vb/action/builtin/resetVariablesAction",
      "parameters": {
        "variables": [
          "$page.variables.lookupDetails_rowStatus"
        ]
      },
      "outcomes": {
        "success": "callChainSearchLookupDetails"
      }
    }
  },
  "variables": {}
}