id,creationDate,lastUpdateDate,createdBy,lastUpdatedBy,period
1,2024-07-24T11:48:59,2024-07-24T11:48:59.007,shaik.latheef@version1.com,shaik.latheef@version1.com,Morning Supervision
2,2024-07-24T11:49:13,2024-07-24T11:49:13.004,shaik.latheef@version1.com,shaik.latheef@version1.com,Evening Supervision
3,2024-07-24T11:49:22,2024-07-24T11:49:22.005,shaik.latheef@version1.com,shaik.latheef@version1.com,Break
4,2024-07-24T11:49:32,2024-07-24T11:49:32.004,shaik.latheef@version1.com,shaik.latheef@version1.com,Lunch Break
