{
    "fields": [
        {
            "type": "number",
            "name": "id",
            "internal": false,
            "key": true,
            "oid": "62ec755f-3320-4cdc-b986-eddead303e55",
            "required": true,
            "unique": true,
            "displayLabel": "Id"
        },
        {
            "type": "datetime",
            "name": "creationDate",
            "internal": false,
            "oid": "f5932f71-fd27-48db-8318-c9cbc920fb75",
            "displayLabel": "Created",
            "historyType": "timeCreated"
        },
        {
            "type": "datetime",
            "name": "lastUpdateDate",
            "internal": false,
            "oid": "24ee9eac-893c-4d9d-867a-9e524db436e8",
            "displayLabel": "Last Updated",
            "historyType": "timeUpdated"
        },
        {
            "type": "string",
            "name": "createdBy",
            "internal": false,
            "oid": "f3191543-898b-406f-b96c-3430dd4d1eb1",
            "displayLabel": "Created By",
            "historyType": "createdBy"
        },
        {
            "type": "string",
            "name": "lastUpdatedBy",
            "internal": false,
            "oid": "1692918a-440d-4f99-ad21-e4e4b3b398a7",
            "displayLabel": "Last Updated By",
            "historyType": "updatedBy"
        },
        {
            "type": "number",
            "name": "versionNumber",
            "internal": false,
            "oid": "55c06c68-f49e-48b5-add3-c30bde084fd1",
            "displayLabel": "Version Number",
            "historyType": "versionNumber"
        },
        {
            "type": "string",
            "name": "period",
            "oid": "7ac6e708-38c6-4250-bf96-30d8fd2092f7",
            "displayLabel": "Period"
        }
    ],
    "name": "PeriodLOV",
    "oid": "a31c384b-1e65-40ae-a494-d0f78069d399",
    "displayLabel": "Period L O V"
}