{
  "title": "main",
  "description": "",
  "variables": {
    "adpBOADP": {
      "type": "vb/ArrayDataProvider2",
      "defaultValue": {
        "itemType": "getAdpBOType",
        "keyAttributes": "id"
      }
    }
  },
  "metadata": {},
  "types": {
    "@decorators.getAdpBOType": {
      "endpoint": "get_AdpBO",
      "service": "businessObjects",
      "path": "response"
    },
    "getAdpBOType": {
      "endTime": "string",
      "id": "number",
      "period": "string",
      "startTime": "string"
    }
  },
  "eventListeners": {
    "vbEnter": {
      "chains": [
        {
          "chain": "vbEnterActionChain"
        }
      ]
    }
  },
  "imports": {
    "components": {
      "oj-input-text": {
        "path": "ojs/ojinputtext"
      },
      "oj-table": {
        "path": "ojs/ojtable"
      }
   }
  }
}