{
    "backends": {
        "ObjectStorage": {
            "servers": [
                {
                    "url": "https://objectstorage.me-abudhabi-1.oraclecloud.com",
                    "description": "Default Server",
                    "x-vb": {
                        "authentication": {
                            "authenticated": {
                                "type": "http_signature_oci",
                                "credentials": "vb_26cd49c6-6f5a-4168-8484-ecdb04dd37f4"
                            }
                        }
                    }
                }
            ]
        }
      }
}