{
    "fields": [
        {
            "type": "number",
            "name": "id",
            "internal": false,
            "key": true,
            "oid": "51ada2b8-0daa-477e-8f82-e681f7e98704",
            "required": true,
            "unique": true,
            "displayLabel": "Id"
        },
        {
            "type": "datetime",
            "name": "creationDate",
            "internal": false,
            "oid": "af3e5cdd-9a32-4394-9df6-c827a2707de2",
            "displayLabel": "Created",
            "historyType": "timeCreated"
        },
        {
            "type": "datetime",
            "name": "lastUpdateDate",
            "internal": false,
            "oid": "f6ded5be-0467-41de-9b9f-adae1377acfa",
            "displayLabel": "Last Updated",
            "historyType": "timeUpdated"
        },
        {
            "type": "string",
            "name": "createdBy",
            "internal": false,
            "oid": "38803a48-46d6-4a91-b168-63e0642debc3",
            "displayLabel": "Created By",
            "historyType": "createdBy"
        },
        {
            "type": "string",
            "name": "lastUpdatedBy",
            "internal": false,
            "oid": "fe70e35c-ee31-4e68-a343-b4e6e60bce7d",
            "displayLabel": "Last Updated By",
            "historyType": "updatedBy"
        },
        {
            "type": "number",
            "name": "versionNumber",
            "internal": false,
            "oid": "851a45d8-a425-4c77-b0ad-955787d374e4",
            "displayLabel": "Version Number",
            "historyType": "versionNumber"
        }
    ],
    "name": "MobileType",
    "oid": "bc8377eb-dc72-4ed7-9919-c7d08c3728c1",
    "displayLabel": "Mobile Type"
}