{
  "layoutTypes": {
    "businessObjects": {
      "kind": "operationRef",
      "serviceId": "businessObjects",
      "operations": [
        "getall_ViewBO",
        "update_ViewBO"
      ]
    }
  },
  "layouts": {
    "isDefault": {
      "description": "Default Rule",
      "type": "businessObjects",
      "expression": "default"
    },
    "viewTable": {
      "type": "businessObjects",
      "layoutType": "table",
      "label": "viewTable",
      "rules": [
        "isDefault"
      ],
      "layouts": {
        "default": {
          "layoutType": "table",
          "layout": {
            "displayProperties": [
              "timetableID",
              "timetableName",
              "status",
              "timetableStartDate",
              "statusDate",
              "timetableEndDate"
            ]
          }
        }
      }
    },
    "isDefault2": {
      "description": "Default Rule",
      "type": "businessObjects",
      "expression": "default"
    },
    "viewForm": {
      "type": "businessObjects",
      "layoutType": "form",
      "label": "viewForm",
      "rules": [
        "isDefault2"
      ],
      "layouts": {
        "default": {
          "layoutType": "form",
          "layout": {
            "displayProperties": [
              "id",
              "classDays",
              "classPeriods",
              "classStartTime",
              "morningSupervision"
            ]
          }
        }
      }
    }
  }
}