{
  "title": "Edit ViewTT",
  "description": "Updates single ViewTT record",
  "variables": {
    "fetchedViewTT": {
      "type": "getViewTTResponse"
    },
    "saveViewTTChainInProgress": {
      "type": "boolean",
      "defaultValue": false
    },
    "viewTT": {
      "type": "getViewTTResponse"
    },
    "viewTTETag": {
      "type": "string"
    },
    "viewTTId": {
      "type": "string",
      "required": true,
      "input": "fromUrl"
    }
  },
  "metadata": {},
  "types": {
    "@decorators.getViewTTResponse": {
      "endpoint": "get_ViewTT",
      "service": "businessObjects",
      "path": "response"
    },
    "getViewTTResponse": {
      "finishTimeHHMM": "string",
      "period": "string",
      "startTimeHHMM": "string"
    }
  },
  "eventListeners": {
    "backButtonClicked": {
      "chains": [
        {
          "chain": "goBackChain"
        }
      ]
    },
    "saveButtonClicked": {
      "chains": [
        {
          "chain": "saveViewTTChain"
        }
      ]
    },
    "vbEnter": {
      "chains": [
        {
          "chain": "loadViewTTChain"
        }
      ]
    }
  },
  "imports": {
    "components": {
      "oj-button": {
        "path": "ojs/ojbutton"
      },
      "oj-form-layout": {
        "path": "ojs/ojformlayout"
      },
      "oj-input-text": {
        "path": "ojs/ojinputtext"
      },
      "oj-toolbar": {
        "path": "ojs/ojtoolbar"
      },
      "oj-validation-group": {
        "path": "ojs/ojvalidationgroup"
      }
    }
  }
}
