{
  "description": "",
  "root": "resetVariablesLookupHdrPayload",
  "actions": {
    "assignVariablesVarButtonMode": {
      "module": "vb/action/builtin/assignVariablesAction",
      "parameters": {
        "$page.variables.varButtonMode": {
          "source": "create"
        }
      },
      "outcomes": {
        "success": "callComponentCreateEditLookUpTypeOpen"
      }
    },
    "callComponentCreateEditLookUpTypeOpen": {
      "module": "vb/action/builtin/callComponentMethodAction",
      "parameters": {
        "component": "{{ document.getElementById('Create_Edit_LookUpType') }}",
        "method": "open"
      }
    },
    "resetVariablesLookupHdrPayload": {
      "module": "vb/action/builtin/resetVariablesAction",
      "parameters": {
        "variables": [
          "$page.variables.LookupHdr_Payload"
        ]
      },
      "outcomes": {
        "success": "assignVariablesVarButtonMode"
      }
    }
  },
  "variables": {}
}