{
  "description": "",
  "root": "resetVariablesLookupDetailsPayload",
  "actions": {
    "callComponentCreateEditLookupCodeOpen": {
      "module": "vb/action/builtin/callComponentMethodAction",
      "parameters": {
        "component": "{{ document.getElementById('Create_Edit_lookupCode') }}",
        "method": "open"
      }
    },
    "assignVariablesVarButtonMode": {
      "module": "vb/action/builtin/assignVariablesAction",
      "parameters": {
        "$page.variables.varButtonMode": {
          "source": "create"
        },
        "$page.variables.LookupDetails_Payload": {
          "source": {
            "lookup_id": "{{ $page.variables.varSelected.LookupId }}"
          },
          "reset": "none",
          "auto": "always"
        }
      },
      "outcomes": {
        "success": "callComponentCreateEditLookupCodeOpen"
      }
    },
    "resetVariablesLookupDetailsPayload": {
      "module": "vb/action/builtin/resetVariablesAction",
      "parameters": {
        "variables": [
          "$page.variables.LookupDetails_Payload"
        ]
      },
      "outcomes": {
        "success": "assignVariablesVarButtonMode"
      }
    }
  },
  "variables": {}
}