{
  "description": "",
  "root": "fireDataProviderEventLookupHdrADP",
  "actions": {
    "fireDataProviderEventLookupHdrADP": {
      "module": "vb/action/builtin/fireDataProviderEventAction",
      "parameters": {
        "target": "[[ $page.variables.lookupHdr_ADP ]]",
        "remove": {
          "keys": "{{ [$variables.key] }}"
        }
      },
      "outcomes": {
        "success": "if"
      }
    },
    "if": {
      "module": "vb/action/builtin/ifAction",
      "parameters": {
        "condition": "[[ $page.variables.lookupHdr_rowStatus[$variables.key] === 'inserted' ]]"
      },
      "outcomes": {
        "true": "assignVariablesLookupHdrRowStatus",
        "false": "assignVariablesLookupHdrRowStatus2"
      }
    },
    "assignVariablesLookupHdrRowStatus": {
      "module": "vb/action/builtin/assignVariablesAction",
      "parameters": {
        "$page.variables.lookupHdr_rowStatus[$variables.key]": {
          "source": "{{ undefined }}"
        }
      },
      "outcomes": {
        "success": "assignVariablesVarDisableLookupHdrAddBtn"
      }
    },
    "assignVariablesLookupHdrRowStatus2": {
      "module": "vb/action/builtin/assignVariablesAction",
      "parameters": {
        "$page.variables.lookupHdr_rowStatus[$variables.key]": {
          "source": "deleted"
        }
      },
      "outcomes": {
        "success": "assignVariablesVarDisableLookupHdrAddBtn"
      }
    },
    "assignVariablesVarDisableLookupHdrAddBtn": {
      "module": "vb/action/builtin/assignVariablesAction",
      "parameters": {
        "$page.variables.varDisableLookupHdrAddBtn": {
          "source": false
        }
      }
    }
  },
  "variables": {
    "key": {
      "required": true,
      "type": "any",
      "input": "fromCaller"
    },
    "index": {
      "required": true,
      "type": "number",
      "input": "fromCaller"
    },
    "current": {
      "required": true,
      "type": "any",
      "input": "fromCaller"
    }
  }
}