{
  "description": "",
  "root": "fireDataProviderEventLookupDetailsADP",
  "actions": {
    "fireDataProviderEventLookupDetailsADP": {
      "module": "vb/action/builtin/fireDataProviderEventAction",
      "parameters": {
        "target": "[[ $page.variables.LookupDetails_ADP ]]",
        "remove": {
          "keys": "{{ [$variables.key] }}"
        }
      },
      "outcomes": {
        "success": "if"
      }
    },
    "if": {
      "module": "vb/action/builtin/ifAction",
      "parameters": {
        "condition": "[[ $page.variables.lookupDetails_rowStatus[$variables.key] === 'inserted' ]]"
      },
      "outcomes": {
        "true": "assignVariablesLookupDetailsRowStatus",
        "false": "assignVariablesLookupDetailsRowStatus2"
      }
    },
    "assignVariablesLookupDetailsRowStatus": {
      "module": "vb/action/builtin/assignVariablesAction",
      "parameters": {
        "$page.variables.lookupDetails_rowStatus[$variables.key]": {
         "source": "{{ undefined }}"
        }
      },
      "outcomes": {
        "success": "assignVariablesVarDisableLookupDetailAddBtn"
      }
    },
    "assignVariablesLookupDetailsRowStatus2": {
      "module": "vb/action/builtin/assignVariablesAction",
      "parameters": {
        "$page.variables.lookupDetails_rowStatus[$variables.key]": {
         "source": "deleted"
        }
      },
      "outcomes": {
        "success": "assignVariablesVarDisableLookupDetailAddBtn"
      }
    },
    "assignVariablesVarDisableLookupDetailAddBtn": {
      "module": "vb/action/builtin/assignVariablesAction",
      "parameters": {
        "$page.variables.varDisableLookupDetailAddBtn": {
          "source": false
        }
      }
    }
  },
  "variables": {
    "key": {
      "required": true,
      "type": "any",
      "input": "fromCaller"
    },
    "index": {
      "required": true,
      "type": "number",
      "input": "fromCaller"
    },
    "current": {
      "required": true,
      "type": "any",
      "input": "fromCaller"
    }
  }
}