{
  "description": "",
  "root": "assignVariablesVarButtonMode",
  "actions": {
    "navigateToMainMainStart": {
      "module": "vb/action/builtin/navigateAction",
      "@dt": {
        "targetType": "flow"
      },
      "parameters": {
        "target": "parent",
        "flow": "main",
        "page": "main-start"
      }
    },
    "assignVariablesVarButtonMode": {
      "module": "vb/action/builtin/assignVariablesAction",
      "parameters": {
        "$page.variables.varButtonMode": {
          "source": "home"
        }
      },
      "outcomes": {
        "success": "ifLookupHdrRowStatus"
      }
    },
    "ifLookupHdrRowStatus": {
      "module": "vb/action/builtin/ifAction",
      "parameters": {
        "condition": "[[ JSON.stringify($page.variables.lookupHdr_rowStatus) === '{}' ]]"
      },
      "outcomes": {
        "true": "ifLookupDetailsRowStatus",
        "false": "callComponentLookupHdrUnsavedDataDialogOpen"
      }
    },
    "callComponentLookupHdrUnsavedDataDialogOpen": {
      "module": "vb/action/builtin/callComponentMethodAction",
      "parameters": {
        "component": "{{ document.getElementById('lookupHdr_unsaved-data-dialog') }}",
        "method": "open"
      }
    },
    "ifLookupDetailsRowStatus": {
      "module": "vb/action/builtin/ifAction",
      "parameters": {
        "condition": "[[ JSON.stringify($page.variables.lookupDetails_rowStatus) === '{}' ]]"
      },
      "outcomes": {
        "true": "navigateToMainMainStart",
        "false": "callComponentLookupDetailsUnsavedDataDialogOpen"
      }
    },
    "callComponentLookupDetailsUnsavedDataDialogOpen": {
      "module": "vb/action/builtin/callComponentMethodAction",
      "parameters": {
        "component": "{{ document.getElementById('lookupDetails_unsaved-data-dialog') }}",
        "method": "open"
      }
    }
  },
  "variables": {}
}