{
  "description": "",
  "root": "ifRowKey",
  "actions": {
    "ifRowKey": {
      "module": "vb/action/builtin/ifAction",
      "parameters": {
        "condition": "[[ $variables.rowKey ]]"
      },
      "outcomes": {
        "true": "assignVariablesVarButtonMode",
        "false": "assignVariablesVarDisableLookupHdrEditBtn"
      }
    },
    "assignVariablesVarDisableLookupHdrEditBtn": {
      "module": "vb/action/builtin/assignVariablesAction",
      "parameters": {
        "$page.variables.varDisable_LookupHdr_Edit_Btn": {
          "source": true
        }
      }
    },
    "callFunctionPrintlog1": {
      "module": "vb/action/builtin/callModuleFunctionAction",
      "parameters": {
        "module": "[[ $application.functions ]]",
        "functionName": "printlog1",
        "params": [
          "Row Data",
          "{{ $variables.rowData }}"
        ]
      },
      "outcomes": {
        "success": "resetVariablesLookupDetailsADP"
      }
    },
    "fireNotification": {
      "module": "vb/action/builtin/fireNotificationEventAction",
      "parameters": {
        "target": "leaf",
        "summary": "[[ $chain.results.callRestGetLookupDetails.message.summary ]]",
        "type": "error",
        "displayMode": "persist"
      }
    },
    "resetVariablesLookupDetailsADP": {
      "module": "vb/action/builtin/resetVariablesAction",
      "parameters": {
        "variables": [
          "$page.variables.LookupDetails_ADP"
        ]
      },
      "outcomes": {
        "success": "callFunctionPrintlog12"
      }
    },
    "ifLookupDetailsRowStatus": {
      "module": "vb/action/builtin/ifAction",
      "parameters": {
        "condition": "[[ JSON.stringify($page.variables.lookupDetails_rowStatus) === '{}'  ]]"
      },
      "outcomes": {
        "true": "callFunctionPrintlog1",
        "false": "callComponentLookupDetailsUnsavedDataDialogOpen"
      }
    },
    "assignVariablesVarDisableLookupHdrEditBtn2": {
      "module": "vb/action/builtin/assignVariablesAction",
      "parameters": {
        "$page.variables.varDisable_LookupHdr_Edit_Btn": {
          "source": false
        },
        "$page.variables.LookupHdr_Payload": {
          "source": "{{ $variables.originalRowData }}",
          "auto": "always"
        },
        "$page.variables.varSelected": {
          "source": {
            "LookupCode": "{{ $variables.rowData.lookup_code }}",
            "LookupId": "{{ $variables.rowData.lookup_id }}",
            "LookupName": "{{ $variables.rowData.lookup_name }}"
          },
          "reset": "none",
          "auto": "always"
        },
        "$page.variables.LookupDetails_ADP": {
          "source": {
            "data": "{{ $chain.results.callRestGetLookupDetails.body.items }}"
          },
          "reset": "none",
          "auto": "always"
        }
      }
    },
    "callComponentLookupDetailsUnsavedDataDialogOpen": {
      "module": "vb/action/builtin/callComponentMethodAction",
      "parameters": {
        "component": "{{ document.getElementById('lookupDetails_unsaved-data-dialog') }}",
        "method": "open"
      }
    },
    "assignVariablesVarButtonMode": {
      "module": "vb/action/builtin/assignVariablesAction",
      "parameters": {
        "$page.variables.varButtonMode": {
          "source": "lookupHdr_tableRow"
        },
        "$page.variables.varSelected": {
          "source": {
            "LookupCode": "{{ $variables.rowData.lookup_code }}",
            "LookupId": "{{ $variables.rowData.lookup_id }}",
            "LookupName": "{{ $variables.rowData.lookup_name }}"
          },
          "reset": "none",
          "auto": "always"
        }
      },
      "outcomes": {
        "success": "ifLookupDetailsRowStatus"
      }
    },
    "callRestGetLookupDetails": {
      "module": "vb/action/builtin/restAction",
      "parameters": {
        "endpoint": "ordsErpCommon/getLookupDetails",
        "uriParams": {
          "p_lookup_id": "{{ $variables.rowData.lookup_name }}",
          "p_lookup_type": "{{ $variables.rowData.lookup_name }}"
        }
      },
      "outcomes": {
        "failure": "fireNotification",
        "success": "assignVariablesVarDisableLookupHdrEditBtn2"
      }
    },
    "callFunctionPrintlog12": {
      "module": "vb/action/builtin/callModuleFunctionAction",
      "parameters": {
        "module": "[[ $application.functions ]]",
        "functionName": "printlog1",
        "params": [
          "rowData",
          "{{ $variables.rowData }}"
        ]
      },
      "outcomes": {
        "success": "callRestGetLookupDetails"
      }
    }
  },
  "variables": {
    "rowKey": {
      "required": true,
      "type": "any",
      "input": "fromCaller"
    },
    "rowData": {
      "required": true,
      "type": "any",
      "input": "fromCaller"
    }
  }
}