{
  "description": "",
  "root": "assignVariablesLookupHdrCurrentRowBuffer",
  "actions": {
    "assignVariablesLookupHdrCurrentRowBuffer": {
      "module": "vb/action/builtin/assignVariablesAction",
      "parameters": {
        "$page.variables.LookupHdr_currentRowBuffer": {
          "source": {
            "attribute3": "{{ $variables.value[0] == \"Y\" ? \"Y\" : \"N\" }}"
          },
          "reset": "none",
          "auto": "always"
        }
      }
    }
  },
  "variables": {
    "value": {
      "required": true,
      "type": "any[]",
      "input": "fromCaller"
    },
    "key": {
      "required": true,
      "type": "any",
      "input": "fromCaller"
    },
    "index": {
      "required": true,
      "type": "number",
      "input": "fromCaller"
    },
    "current": {
      "required": true,
      "type": "any",
      "input": "fromCaller"
    }
  }
}