{
  "description": "",
  "root": "if3",
  "actions": {
    "callComponentOjDialogLoadingOpen": {
      "module": "vb/action/builtin/callComponentMethodAction",
      "parameters": {
        "component": "{{ document.getElementById('oj-dialog-Loading') }}",
        "method": "open"
      },
      "outcomes": {
        "success": "resetVariablesStatus"
      }
    },
    "resetVariablesStatus": {
      "module": "vb/action/builtin/resetVariablesAction",
      "parameters": {
        "variables": [
          "$variables.status"
        ]
      },
      "outcomes": {
        "success": "callFunctionCreateBatchPayloadLookupDetails"
      }
    },
    "callFunctionCreateBatchPayloadLookupDetails": {
      "module": "vb/action/builtin/callModuleFunctionAction",
      "parameters": {
        "module": "[[ $functions ]]",
        "functionName": "createBatchPayload_lookupDetails",
        "params": [
          "{{ $page.variables.LookupDetails_ADP.data }}",
          "{{ $page.variables.lookupDetails_rowStatus }}",
          "999"
        ],
        "returnType": "any[]"
      },
      "outcomes": {
        "success": "forEach"
      }
    },
    "forEach": {
      "module": "vb/action/builtin/forEachAction",
      "parameters": {
        "items": "{{ $chain.results.callFunctionCreateBatchPayloadLookupDetails }}",
        "actionId": "callRestPostDetails"
      },
      "outcomes": {
        "success": "ifStatus"
      }
    },
    "ifStatus": {
      "module": "vb/action/builtin/ifAction",
      "parameters": {
        "condition": "[[ $variables.status == 'error' ]]"
      },
      "outcomes": {
        "false": "fireNotification",
        "true": "callComponentOjDialogLoadingClose"
      }
    },
    "fireNotification": {
      "module": "vb/action/builtin/fireNotificationEventAction",
      "parameters": {
        "target": "leaf",
        "summary": "Changes were Successfully Saved!",
        "type": "confirmation",
        "displayMode": "transient"
      },
      "outcomes": {
        "success": "resetVariablesLookupDetailsRowStatus"
      }
    },
    "resetVariablesLookupDetailsRowStatus": {
      "module": "vb/action/builtin/resetVariablesAction",
      "parameters": {
        "variables": [
          "$page.variables.lookupDetails_rowStatus"
        ]
      },
      "outcomes": {
        "success": "callChainSearchLookupDetails"
      }
    },
    "callComponentOjDialogLoadingClose": {
      "module": "vb/action/builtin/callComponentMethodAction",
      "parameters": {
        "component": "{{ document.getElementById('oj-dialog-Loading') }}",
        "method": "close"
      }
    },
    "assignVariablesStatus": {
      "module": "vb/action/builtin/assignVariablesAction",
      "parameters": {
        "$variables.status": {
          "source": "error"
        }
      },
      "outcomes": {
        "success": "callComponentOjDialogLoadingClose2"
      }
    },
    "callComponentOjDialogLoadingClose2": {
      "module": "vb/action/builtin/callComponentMethodAction",
      "parameters": {
        "component": "{{ document.getElementById('oj-dialog-Loading') }}",
        "method": "close"
      },
      "outcomes": {
        "success": "fireNotification2"
      }
    },
    "if": {
      "module": "vb/action/builtin/ifAction",
      "parameters": {
        "condition": "[[ $chain.results.callRestPostDetails.body.Status == '200' ]]"
      },
      "outcomes": {
        "false": "assignVariablesStatus3"
      }
    },
    "assignVariablesStatus3": {
      "module": "vb/action/builtin/assignVariablesAction",
      "parameters": {
        "$variables.status": {
          "source": "error"
        }
      },
      "outcomes": {
        "success": "fireNotification4"
      }
    },
    "fireNotification4": {
      "module": "vb/action/builtin/fireNotificationEventAction",
      "parameters": {
        "target": "leaf",
        "message": "[[ $chain.results.callRestPostDetails.body.Results ]]",
        "summary": "[[ \"Lookup Value is - \"+$current.data.value ]]"
      }
    },
    "fireNotification2": {
      "module": "vb/action/builtin/fireNotificationEventAction",
      "parameters": {
        "target": "leaf",
        "summary": "[[ \"Lookup Value is - \"+$current.data.value ]]",
        "type": "error",
        "displayMode": "persist",
        "message": "[[ $chain.results.callRestPostDetails.body[\"o:errorCode\"]+\" - \"+$chain.results.callRestPostDetails.body.cause ]]"
      }
    },
    "callChainSearchLookupDetails": {
      "module": "vb/action/builtin/callChainAction",
      "parameters": {
        "id": "Search_LookupDetails"
      },
      "outcomes": {
        "success": "callComponentOjDialogLoadingClose"
      }
    },
    "if3": {
      "module": "vb/action/builtin/ifAction",
      "parameters": {
        "condition": "[[ $application.functions.isFormValid(\"lookupLinesForm\") ]]"
      },
      "outcomes": {
        "true": "callComponentOjDialogLoadingOpen"
      }
    },
    "callRestPostDetails": {
      "module": "vb/action/builtin/restAction",
      "parameters": {
        "endpoint": "ordsErpCommon/postDetails",
        "body": "{{ $current.data }}"
      },
      "outcomes": {
        "failure": "assignVariablesStatus",
        "success": "if"
      }
    }
  },
  "variables": {
    "status": {
      "type": "string"
    }
  }
}