{
  "description": "",
  "root": "ifVarButtonMode",
  "actions": {
    "ifVarButtonMode": {
      "module": "vb/action/builtin/ifAction",
      "parameters": {
        "condition": "[[ $page.variables.varButtonMode=='create' ]]"
      },
      "outcomes": {
        "true": "assignVariablesLookupHdrPayload",
        "false": "assignVariablesLookupHdrPayload2"
      }
    },
    "fireNotification": {
      "module": "vb/action/builtin/fireNotificationEventAction",
      "parameters": {
        "target": "leaf",
        "summary": "[[ $chain.results.callRestPostAtsLookupHdr.message.summary ]]",
        "type": "error",
        "displayMode": "persist"
      }
    },
    "callRestPostAtsLookupHdr": {
      "module": "vb/action/builtin/restAction",
      "parameters": {
        "endpoint": "ATS_ORDS/postAtsLookupHdr",
        "body": "{{ $page.variables.LookupHdr_Payload }}"
      },
      "outcomes": {
        "failure": "callFunctionPrintlog13",
        "success": "callFunctionPrintlog12"
      }
    },
    "if": {
      "module": "vb/action/builtin/ifAction",
      "parameters": {
        "condition": "[[ $chain.results.callRestPostAtsLookupHdr.body.Status == '200' ]]"
      },
      "outcomes": {
        "true": "callComponentCreateEditLookUpTypeClose",
        "false": "fireNotification3"
      }
    },
    "callComponentCreateEditLookUpTypeClose": {
      "module": "vb/action/builtin/callComponentMethodAction",
      "parameters": {
        "component": "{{ document.getElementById('Create_Edit_LookUpType') }}",
        "method": "close"
      },
      "outcomes": {
        "success": "fireNotification6"
      }
    },
    "fireNotification4": {
      "module": "vb/action/builtin/fireNotificationEventAction",
      "parameters": {
        "target": "leaf",
        "type": "confirmation",
        "summary": "[[ $chain.results.callRestPutAtsLookupHdr.body.Results ]]"

      },
      "outcomes": {
        "success": "fireDataProviderEventLookupHdrSDP2"
      }
    },
    "fireDataProviderEventLookupHdrSDP": {
      "module": "vb/action/builtin/fireDataProviderEventAction",
      "parameters": {
        "refresh": null,
        "target": "[[ $page.variables.LookupHdr_SDP ]]"
      }
    },
    "assignVariablesLookupHdrPayload": {
      "module": "vb/action/builtin/assignVariablesAction",
      "parameters": {
        "$page.variables.LookupHdr_Payload": {
          "source": {
            "last_update_date": "{{ $application.functions.getSysDate() }}",
            "creation_date": "{{ $application.functions.getSysDate() }}"
          },
          "reset": "none",
          "auto": "always"
        }
      },
      "outcomes": {
        "success": "callRestPostAtsLookupHdr"
      }
    },
    "fireNotification2": {
      "module": "vb/action/builtin/fireNotificationEventAction",
      "parameters": {
        "target": "leaf",
        "summary": "[[ $chain.results.callRestPutAtsLookupHdr.message.summary ]]",
        "type": "error",
        "displayMode": "persist"
      }
    },
    "callRestPutAtsLookupHdr": {
      "module": "vb/action/builtin/restAction",
      "parameters": {
        "endpoint": "ATS_ORDS/putAtsLookupHdr",
        "body": "{{ $page.variables.LookupHdr_Payload }}"
      },
      "outcomes": {
        "failure": "fireNotification2",
        "success": "callFunctionPrintlog1"
      }
    },
    "callComponentCreateEditLookUpTypeClose2": {
      "module": "vb/action/builtin/callComponentMethodAction",
      "parameters": {
        "component": "{{ document.getElementById('Create_Edit_LookUpType') }}",
        "method": "close"
      },
      "outcomes": {
        "success": "fireNotification4"
      }
    },
    "fireNotification6": {
      "module": "vb/action/builtin/fireNotificationEventAction",
      "parameters": {
        "target": "leaf",
        "type": "confirmation",
        "summary": "[[ $chain.results.callRestPostAtsLookupHdr.body.Results ]]"

      },
      "outcomes": {
        "success": "fireDataProviderEventLookupHdrSDP"
      }
    },
    "fireNotification7": {
      "module": "vb/action/builtin/fireNotificationEventAction",
      "parameters": {
        "target": "leaf",
        "summary": "[[ $chain.results.callRestPutAtsLookupHdr.body.Results ]]"

      }
    },
    "fireDataProviderEventLookupHdrSDP2": {
      "module": "vb/action/builtin/fireDataProviderEventAction",
      "parameters": {
        "refresh": null,
        "target": "[[ $page.variables.LookupHdr_SDP ]]"
      }
    },
    "assignVariablesLookupHdrPayload2": {
      "module": "vb/action/builtin/assignVariablesAction",
      "parameters": {
        "$page.variables.LookupHdr_Payload": {
          "source": {
            "last_update_date": "{{ $application.functions.getSysDate() }}"
          },
          "reset": "none",
          "auto": "always"
        }
      },
      "outcomes": {
        "success": "callRestPutAtsLookupHdr"
      }
    },
    "callFunctionPrintlog1": {
      "module": "vb/action/builtin/callModuleFunctionAction",
      "parameters": {
        "module": "[[ $application.functions ]]",
        "functionName": "printlog1",
        "params": [
          "Rest Response",
          "{{ $chain.results.callRestPutAtsLookupHdr }}"
        ]
      },
      "outcomes": {
        "success": "if2"
      }
    },
    "callFunctionPrintlog12": {
      "module": "vb/action/builtin/callModuleFunctionAction",
      "parameters": {
        "module": "[[ $application.functions ]]",
        "functionName": "printlog1",
        "params": [
          "Rest Response",
          "{{ $chain.results.callRestPostAtsLookupHdr }}"
        ]
      },
      "outcomes": {
        "success": "if"
      }
    },
    "callFunctionPrintlog13": {
      "module": "vb/action/builtin/callModuleFunctionAction",
      "parameters": {
        "module": "[[ $application.functions ]]",
        "functionName": "printlog1",
        "params": [
          "Error Response",
          "{{ $chain.results.callRestPostAtsLookupHdr }}"
        ]
      },
      "outcomes": {
        "success": "fireNotification"
      }
    },
    "fireNotification3": {
      "module": "vb/action/builtin/fireNotificationEventAction",
      "parameters": {
        "target": "leaf",
        "summary": "[[ $chain.results.callRestPostAtsLookupHdr.body.Results ]]"
      }
    },
    "if2": {
      "module": "vb/action/builtin/ifAction",
      "parameters": {
        "condition": "[[ $chain.results.callRestPutAtsLookupHdr.body.Status == \"200\" ]]"
      },
      "outcomes": {
        "true": "callComponentCreateEditLookUpTypeClose2",
        "false": "fireNotification7"
      }
    }
  },
  "variables": {}
}