{
  "description": "",
  "root": "ifVarButtonMode",
  "actions": {
    "ifVarButtonMode": {
      "module": "vb/action/builtin/ifAction",
      "parameters": {
        "condition": "[[ $page.variables.varButtonMode=='create' ]]"
      },
      "outcomes": {
        "true": "assignVariablesLookupDetailsPayload",
        "false": "assignVariablesLookupDetailsPayload2"
      }
    },
    "fireNotification": {
      "module": "vb/action/builtin/fireNotificationEventAction",
      "parameters": {
        "target": "leaf",
        "summary": "[[ $chain.results.callRestPostAtsLookupDetails.body.cause ]]",
        "type": "error",
        "displayMode": "persist"
      }
    },
    "callRestPostAtsLookupDetails": {
      "module": "vb/action/builtin/restAction",
      "parameters": {
        "endpoint": "ATS_ORDS/postAtsLookupDetails",
        "body": "{{ $page.variables.LookupDetails_Payload }}"
      },
      "outcomes": {
        "failure": "callFunctionPrintlog1",
        "success": "if"
      }
    },
    "assignVariablesLookupDetailsPayload": {
      "module": "vb/action/builtin/assignVariablesAction",
      "parameters": {
        "$page.variables.LookupDetails_Payload": {
          "source": {

            "enabled_flag": "{{ $page.variables.varEnabled[0] }}"
          },
          "reset": "none",
          "auto": "always"
        }
      },
      "outcomes": {
        "success": "callRestPostAtsLookupDetails"
      }
    },
    "if": {
      "module": "vb/action/builtin/ifAction",
      "parameters": {
        "condition": "[[ $chain.results.callRestPostAtsLookupDetails.body.Status =='200' ]]"
      },
      "outcomes": {
        "true": "callComponentCreateEditLookupCodeClose",
        "false": "fireNotification3"
      }
    },
    "callComponentCreateEditLookupCodeClose": {
      "module": "vb/action/builtin/callComponentMethodAction",
      "parameters": {
        "component": "{{ document.getElementById('Create_Edit_lookupCode') }}",
        "method": "close"
      },
      "outcomes": {
        "success": "fireNotification5"
      }
    },
    "fireNotification4": {
      "module": "vb/action/builtin/fireNotificationEventAction",
      "parameters": {
        "target": "leaf",
        "summary": "[[ $chain.results.callRestPutAtsLookupDetails.body.Results ]]"
      }
    },
    "fireDataProviderEventLookupDetailsSDP": {
      "module": "vb/action/builtin/fireDataProviderEventAction",
      "parameters": {
        "refresh": null,
        "target": "[[ $page.variables.LookupDetails_SDP ]]"
      }
    },
    "fireNotification2": {
      "module": "vb/action/builtin/fireNotificationEventAction",
      "parameters": {
        "target": "leaf",
        "summary": "[[ $chain.results.callRestPutAtsLookupDetails.message.summary ]]",
        "type": "error",
        "displayMode": "persist"
      }
    },
    "callRestPutAtsLookupDetails": {
      "module": "vb/action/builtin/restAction",
      "parameters": {
        "endpoint": "ATS_ORDS/putAtsLookupDetails",
        "body": "{{ $page.variables.LookupDetails_Payload }}"
      },
      "outcomes": {
        "failure": "fireNotification2",
        "success": "if2"
      }
    },
    "fireNotification6": {
      "module": "vb/action/builtin/fireNotificationEventAction",
      "parameters": {
        "target": "leaf",
        "type": "confirmation",
        "summary": "[[ $chain.results.callRestPutAtsLookupDetails.body.Results ]]"

      },
      "outcomes": {
        "success": "fireDataProviderEventLookupDetailsSDP2"
      }
    },
    "callComponentCreateEditLookupCodeClose2": {
      "module": "vb/action/builtin/callComponentMethodAction",
      "parameters": {
        "component": "{{ document.getElementById('Create_Edit_lookupCode') }}",
        "method": "close"
      },
      "outcomes": {
        "success": "fireNotification6"
      }
    },
    "fireDataProviderEventLookupDetailsSDP2": {
      "module": "vb/action/builtin/fireDataProviderEventAction",
      "parameters": {
        "refresh": null,
        "target": "[[ $page.variables.LookupDetails_SDP ]]"
      }
    },
    "assignVariablesLookupDetailsPayload2": {
      "module": "vb/action/builtin/assignVariablesAction",
      "parameters": {
        "$page.variables.LookupDetails_Payload": {
          "source": {
            "enabled_flag": "{{ $page.variables.varEnabled[0] }}",
            "last_update_date": "{{ $application.functions.getSysDate() }}"
          },
          "reset": "none",
          "auto": "always"
        }
      },
      "outcomes": {
        "success": "callRestPutAtsLookupDetails"
      }
    },
    "callFunctionPrintlog1": {
      "module": "vb/action/builtin/callModuleFunctionAction",
      "parameters": {
        "module": "[[ $application.functions ]]",
        "functionName": "printlog1",
        "params": [
          "Error response",
          "{{ $chain.results.callRestPostAtsLookupDetails }}"
        ]
      },
      "outcomes": {
        "success": "fireNotification"
      }
    },
    "fireNotification5": {
      "module": "vb/action/builtin/fireNotificationEventAction",
      "parameters": {
        "target": "leaf",
        "summary": "[[ $chain.results.callRestPostAtsLookupDetails.body.Results ]]",
        "type": "confirmation"
      },
      "outcomes": {
        "success": "fireDataProviderEventLookupDetailsSDP"
      }
    },
    "fireNotification3": {
      "module": "vb/action/builtin/fireNotificationEventAction",
      "parameters": {
        "target": "leaf",
        "summary": "[[ $chain.results.callRestPostAtsLookupDetails.body.Results ]]"
      }
    },
    "if2": {
      "module": "vb/action/builtin/ifAction",
      "parameters": {
        "condition": "[[ $chain.results.callRestPutAtsLookupDetails.body.Status =='200' ]]"
      },
      "outcomes": {
        "false": "fireNotification4",
        "true": "callComponentCreateEditLookupCodeClose2"
      }
    }
  },
  "variables": {}
}