{
  "description": "",
  "root": "if2",
  "actions": {
    "fireNotification": {
      "module": "vb/action/builtin/fireNotificationEventAction",
      "parameters": {
        "target": "leaf",
        "summary": "[[ $chain.results.callRestGetlookupHdr.message.summary ]]",
        "type": "error",
        "displayMode": "persist"
      }
    },
    "assignVariablesLookupHdrADP": {
      "module": "vb/action/builtin/assignVariablesAction",
      "parameters": {
        "$page.variables.lookupHdr_ADP": {
          "source": {
            "data": "{{ $chain.results.callRestGetlookupHdr.body.items }}"
          },
          "reset": "none",
          "auto": "always"
        },
        "$page.variables.varHideSearch": {
          "source": false
        },
        "$page.variables.varLookupHdr_TableRowSelectionMode": {
          "source": "single"
        }
      },
      "outcomes": {
        "success": "callComponentOjDialogLoadingClose"
      }
    },
    "resetVariablesLookupHdrADP": {
      "module": "vb/action/builtin/resetVariablesAction",
      "parameters": {
        "variables": [
          "$page.variables.lookupHdr_ADP",
          "$page.variables.LookupDetails_ADP",
          "$page.variables.lookupDetails_rowStatus"
        ]
      },
      "outcomes": {
        "success": "callRestGetlookupHdr"
      }
    },
    "assignVariablesVarButtonMode": {
      "module": "vb/action/builtin/assignVariablesAction",
      "parameters": {
        "$page.variables.varButtonMode": {
          "source": "search"
        }
      },
      "outcomes": {
        "success": "ifLookupHdrRowStatus"
      }
    },
    "ifLookupHdrRowStatus": {
      "module": "vb/action/builtin/ifAction",
      "parameters": {
        "condition": "[[ JSON.stringify($page.variables.lookupHdr_rowStatus) === '{}' ]]"
      },
      "outcomes": {
        "true": "callComponentOjDialogLoadingOpen",
        "false": "callComponentLookupHdrUnsavedDataDialogOpen"
      }
    },
    "if": {
      "module": "vb/action/builtin/ifAction",
      "parameters": {
        "condition": "[[ $chain.results.callRestGetlookupHdr.body.count > 0 ]]"
      },
      "outcomes": {
        "true": "assignVariablesLookupHdrADP",
        "false": "callComponentOjDialogLoadingClose"
      }
    },
    "callComponentOjDialogLoadingOpen": {
      "module": "vb/action/builtin/callComponentMethodAction",
      "parameters": {
        "component": "{{ document.getElementById('oj-dialog-Loading') }}",
        "method": "open"
      },
      "outcomes": {
        "success": "resetVariablesLookupHdrADP"
      }
    },
    "callComponentOjDialogLoadingClose": {
      "module": "vb/action/builtin/callComponentMethodAction",
      "parameters": {
        "component": "{{ document.getElementById('oj-dialog-Loading') }}",
        "method": "close"
      }
    },
    "callComponentLookupHdrUnsavedDataDialogOpen": {
      "module": "vb/action/builtin/callComponentMethodAction",
      "parameters": {
        "component": "{{ document.getElementById('lookupHdr_unsaved-data-dialog') }}",
        "method": "open"
      }
    },
    "fireNotification3": {
      "module": "vb/action/builtin/fireNotificationEventAction",
      "parameters": {
        "target": "leaf",
        "summary": "Please select any one of the Search Parameter",
        "displayMode": "transient",
        "type": "warning"
      }
    },
    "callRestGetlookupHdr": {
      "module": "vb/action/builtin/restAction",
      "parameters": {
        "endpoint": "ordsErpCommon/getlookupHdr",
        "uriParams": {
          "p_lookup_type": "{{ $page.variables.varSearch.LookupName ? $page.variables.varSearch.LookupName : \"\" }}",
          "p_lookup_code": "{{ $page.variables.varSearch.LookupCode ? $page.variables.varSearch.LookupCode : \"\" }}"
        }
      },
      "outcomes": {
        "failure": "fireNotification",
        "success": "if"
      }
    },
    "if2": {
      "module": "vb/action/builtin/ifAction",
      "parameters": {
        "condition": "[[ $page.variables.varSearch.LookupCode || $page.variables.varSearch.LookupName ]]"
      },
      "outcomes": {
        "true": "assignVariablesVarButtonMode",
        "false": "fireNotification3"
      }
    }
  },
  "variables": {}
}