{
  "root": "callComponentOjDialogLoadingOpen",
  "description": "",
  "actions": {
    "fireNotification": {
      "module": "vb/action/builtin/fireNotificationEventAction",
      "parameters": {
        "target": "leaf",
        "summary": "[[ $chain.results.callRestGetLookupDetails.message.summary ]]",
        "type": "error",
        "displayMode": "persist"
      },
      "outcomes": {
        "success": "callComponentOjDialogLoadingClose2"
      }
    },
    "resetVariablesLookupDetailsADP": {
      "module": "vb/action/builtin/resetVariablesAction",
      "parameters": {
        "variables": [
          "$page.variables.LookupDetails_ADP"
        ]
      },
      "outcomes": {
        "success": "callRestGetLookupDetails"
      }
    },
    "assignVariablesLookupDetailsADP": {
      "module": "vb/action/builtin/assignVariablesAction",
      "parameters": {
        "$page.variables.LookupDetails_ADP": {
          "source": {
            "data": "{{ $chain.results.callRestGetLookupDetails.body.items }}"
          },
          "reset": "none",
          "auto": "always"
        }
      },
      "outcomes": {
        "success": "callComponentOjDialogLoadingClose"
      }
    },
    "callComponentOjDialogLoadingOpen": {
      "module": "vb/action/builtin/callComponentMethodAction",
      "parameters": {
        "component": "{{ document.getElementById('oj-dialog-Loading') }}",
        "method": "open"
      },
      "outcomes": {
        "success": "resetVariablesLookupDetailsADP"
      }
    },
    "callComponentOjDialogLoadingClose": {
      "module": "vb/action/builtin/callComponentMethodAction",
      "parameters": {
        "component": "{{ document.getElementById('oj-dialog-Loading') }}",
        "method": "close"
      }
    },
    "callComponentOjDialogLoadingClose2": {
      "module": "vb/action/builtin/callComponentMethodAction",
      "parameters": {
        "component": "{{ document.getElementById('oj-dialog-Loading') }}",
        "method": "close"
      }
    },
    "callRestGetLookupDetails": {
      "module": "vb/action/builtin/restAction",
      "parameters": {
        "endpoint": "ordsErpCommon/getLookupDetails",
        "uriParams": {
          "p_lookup_type": "{{ $page.variables.varSelected.LookupName }}"
        }
      },
      "outcomes": {
        "failure": "fireNotification",
        "success": "assignVariablesLookupDetailsADP"
      }
    }
  }
}