id,creationDate,lastUpdateDate,createdBy,lastUpdatedBy,timetableID,period,startTimeHHMM,finishTimeHHMM
4,2024-07-09T13:17:27.221,2024-07-15T07:19:02,Shireesha.TR@version1.com,Shireesha.TR@version1.com,,Period 1,08:55,9:35
5,2024-07-09T13:17:27.225,2024-07-09T13:17:27.225,Shireesha.TR@version1.com,Shireesha.TR@version1.com,,Period 2,09:35,10:15
6,2024-07-09T13:17:27.225,2024-07-09T13:17:27.225,Shireesha.TR@version1.com,Shireesha.TR@version1.com,,Period 3,10:15,10:55
7,2024-07-09T13:17:27.225,2024-07-09T13:17:27.225,Shireesha.TR@version1.com,Shireesha.TR@version1.com,,Break 1,10:55,11:10
8,2024-07-09T13:17:27.225,2024-07-09T13:17:27.225,Shireesha.TR@version1.com,Shireesha.TR@version1.com,,Period 4,11:10,11:50
9,2024-07-09T13:17:27.225,2024-07-09T13:17:27.225,Shireesha.TR@version1.com,Shireesha.TR@version1.com,,Period 5,11:50,12:30
10,2024-07-09T13:17:27.225,2024-07-09T13:17:27.225,Shireesha.TR@version1.com,Shireesha.TR@version1.com,,Period 6,12:30,13:10
11,2024-07-09T13:17:27.225,2024-07-09T13:17:27.225,Shireesha.TR@version1.com,Shireesha.TR@version1.com,,Lunch Break,13:10,14:00
12,2024-07-09T13:17:27.225,2024-07-09T13:17:27.225,Shireesha.TR@version1.com,Shireesha.TR@version1.com,,Period 7,14:00,14:40
13,2024-07-09T13:17:27.226,2024-07-09T13:17:27.226,Shireesha.TR@version1.com,Shireesha.TR@version1.com,,Period 8,14:40,15:20
14,2024-07-09T13:17:27.226,2024-07-09T13:17:27.226,Shireesha.TR@version1.com,Shireesha.TR@version1.com,,Period 9,15:20,16:00
