{
    "fields": [
        {
            "type": "number",
            "name": "id",
            "internal": false,
            "key": true,
            "oid": "d6874c4d-95cd-49a5-b3bf-ea715295637d",
            "required": true,
            "unique": true,
            "displayLabel": "Id"
        },
        {
            "type": "datetime",
            "name": "creationDate",
            "internal": false,
            "oid": "969cda47-1998-4636-8682-1e522d5149f3",
            "displayLabel": "Created",
            "historyType": "timeCreated"
        },
        {
            "type": "datetime",
            "name": "lastUpdateDate",
            "internal": false,
            "oid": "15d1f72b-5466-43f2-a9c8-cfcc21dd1aae",
            "displayLabel": "Last Updated",
            "historyType": "timeUpdated"
        },
        {
            "type": "string",
            "name": "createdBy",
            "internal": false,
            "oid": "fa52e01f-8f8f-4779-b2ee-7e5fa7dbbaf2",
            "displayLabel": "Created By",
            "historyType": "createdBy"
        },
        {
            "type": "string",
            "name": "lastUpdatedBy",
            "internal": false,
            "oid": "6e106b9a-a025-42b8-bc74-b53c9fcdd254",
            "displayLabel": "Last Updated By",
            "historyType": "updatedBy"
        },
        {
            "type": "number",
            "name": "versionNumber",
            "internal": false,
            "oid": "6e74145f-a6db-41d8-ae96-b39081b95a88",
            "displayLabel": "Version Number",
            "historyType": "versionNumber"
        },
        {
            "type": "number",
            "name": "timetableID",
            "oid": "f2785392-709c-49ae-8a31-7e99fae7e1ca",
            "displayLabel": "Timetable ID"
        },
        {
            "type": "string",
            "name": "period",
            "oid": "92080b15-5176-4768-9701-6591ccca6f9f",
            "displayLabel": "Period"
        },
        {
            "type": "string",
            "name": "startTimeHHMM",
            "oid": "02cc1236-ca8c-4a9a-a581-943e2bc6c6b2",
            "displayLabel": "Start Time (HH.MM)"
        },
        {
            "type": "string",
            "name": "finishTimeHHMM",
            "oid": "7e5173a6-90af-4206-b71b-121cb88bb2c6",
            "displayLabel": "Finish Time (HH.MM)"
        }
    ],
    "name": "ViewTT",
    "oid": "41a31f17-e233-45b8-bb2d-eb54f44cf455",
    "displayLabel": "View T T"
}