{

  "title": "",
  "description": "",
  "variables": {
    "periodADP": {
      "type": "vb/ArrayDataProvider2",
      "defaultValue": {
        "itemType": "getPeriodType",
        "keyAttributes": "id"
      }
    }
  },
  "metadata": {},
  "types": {
    "@decorators.getPeriodType": {
      "endpoint": "get_Period",
      "service": "businessObjects",
      "path": "response"
    },
    "getPeriodType": {
      "finishTime": "string",
      "id": "number",
      "period": "string",
      "startTime": "string"
    }
  },
  "chains": {},
  "eventListeners": {
    "vbEnter": {
      "chains": [
        {
          "parameters": {},
          "chain": "vbEnterChangeListener"
        }
      ]
    }
  },
  "imports": {
    "components": {
      "oj-input-text": {
        "path": "ojs/ojinputtext"
      },
      "oj-sp-collection-container": {
        "path": "oj-sp/collection-container/loader"
      },
      "oj-table": {
        "path": "ojs/ojtable"
      }
    }
  }
}
