{
  "title": "",
  "description": "",
  "variables": {
    "periodListSDP": {
      "type": "vb/ServiceDataProvider",
      "defaultValue": {
        "endpoint": "businessObjects/getall_Period",
        "keyAttributes": "id",
        "itemsPath": "items",
        "responseType": "getallPeriodResponse"
      }
    }
  },
  "metadata": {},
  "types": {
    "@decorators.getallPeriodResponse": {
      "endpoint": "getall_Period",
      "service": "businessObjects",
      "path": "response"
    },
    "getallPeriodResponse": {
      "items": [
        {
          "finishTime": "string",
          "id": "number",
          "period": "string",
          "startTime": "string"
        }
      ]
    }
  },
  "eventListeners": {},
  "imports": {
    "components": {
      "oj-table": {
        "path": "ojs/ojtable"
      }
    }
  }
}
