{
    "fields": [
        {
            "type": "number",
            "name": "id",
            "internal": false,
            "key": true,
            "oid": "f9989ff7-a05c-4e69-b8a9-44428369f8e9",
            "required": true,
            "unique": true,
            "displayLabel": "Id"
        },
        {
            "type": "datetime",
            "name": "creationDate",
            "internal": false,
            "oid": "4f854c0c-f113-4c1c-ae31-6ba7ee6c66cc",
            "displayLabel": "Created",
            "historyType": "timeCreated"
        },
        {
            "type": "datetime",
            "name": "lastUpdateDate",
            "internal": false,
            "oid": "cb94db0e-c35a-47a3-82f5-e00c9cde7be1",
            "displayLabel": "Last Updated",
            "historyType": "timeUpdated"
        },
        {
            "type": "string",
            "name": "createdBy",
            "internal": false,
            "oid": "34273077-9a8e-47db-b4b2-77d6259fe49e",
            "displayLabel": "Created By",
            "historyType": "createdBy"
        },
        {
            "type": "string",
            "name": "lastUpdatedBy",
            "internal": false,
            "oid": "8e1d1e8f-9ca5-47df-bedb-c2cfa8bb04c4",
            "displayLabel": "Last Updated By",
            "historyType": "updatedBy"
        },
        {
            "type": "number",
            "name": "versionNumber",
            "internal": false,
            "oid": "7be590b5-60bb-42c1-9abf-70d9de9c5277",
            "displayLabel": "Version Number",
            "historyType": "versionNumber"
        },
        {
            "type": "string",
            "name": "timeTableID",
            "oid": "b1577fbd-d2b7-4473-afd9-3959ffc6b2aa",
            "displayLabel": "TimeTable_ID"
        },
        {
            "type": "string",
            "name": "tTName",
            "oid": "eb2ca14b-f241-4f0c-8b3d-98e29b0bc223",
            "displayLabel": "TT_Name"
        },
        {
            "type": "date",
            "name": "tTStartDate",
            "oid": "2a74be16-61bf-4738-bc59-14f0a99d231d",
            "displayLabel": "TT_StartDate"
        },
        {
            "type": "date",
            "name": "tTEndDate",
            "oid": "886a55e8-8faf-47d4-977e-0577216eb3b2",
            "displayLabel": "TT_EndDate"
        },
        {
            "type": "string",
            "name": "status",
            "oid": "e7fc6ff3-42b6-412a-a159-9e497a06235e",
            "displayLabel": "Status"
        },
        {
            "type": "date",
            "name": "statusDate",
            "oid": "4825eec7-7c2b-4844-a226-2cd27d067ba9",
            "displayLabel": "StatusDate"
        }
    ],
    "name": "Timetable_search_reslt",
    "oid": "f44731da-4e10-489b-ad20-db5734341cd6",
    "displayLabel": "Timetable_search_reslt"
}