{
    "fields": [
        {
            "type": "number",
            "name": "id",
            "internal": false,
            "key": true,
            "oid": "d79dd64d-68af-4046-8b12-950eecb7a7be",
            "required": true,
            "unique": true,
            "displayLabel": "Id"
        },
        {
            "type": "datetime",
            "name": "creationDate",
            "internal": false,
            "oid": "a8b4e4e4-2d88-434d-9a27-3f64d7328342",
            "displayLabel": "Created",
            "historyType": "timeCreated"
        },
        {
            "type": "datetime",
            "name": "lastUpdateDate",
            "internal": false,
            "oid": "da668f4b-0af3-408c-b6f6-dcdc53d910fa",
            "displayLabel": "Last Updated",
            "historyType": "timeUpdated"
        },
        {
            "type": "string",
            "name": "createdBy",
            "internal": false,
            "oid": "cadd6dc3-4ab2-451c-b93b-fd6328ca18fd",
            "displayLabel": "Created By",
            "historyType": "createdBy"
        },
        {
            "type": "string",
            "name": "lastUpdatedBy",
            "internal": false,
            "oid": "971e1894-0d0b-48ee-a598-f308d467bc0c",
            "displayLabel": "Last Updated By",
            "historyType": "updatedBy"
        },
        {
            "type": "number",
            "name": "versionNumber",
            "internal": false,
            "oid": "858311c7-5be5-4c66-a36e-84b05b99057b",
            "displayLabel": "Version Number",
            "historyType": "versionNumber"
        },
        {
            "type": "number",
            "name": "timetableID",
            "oid": "f3ad3221-6344-453d-bb13-65a28a6b6c5a",
            "displayLabel": "Timetable ID"
        },
        {
            "type": "string",
            "name": "timetableName",
            "oid": "ee88710f-a046-4f8e-a433-d453948f8e17",
            "displayLabel": "Timetable Name"
        },
        {
            "type": "date",
            "name": "timetableStartDate",
            "oid": "0b2b4d1e-3309-4cb0-b5b2-8bd5226faaf4",
            "displayLabel": "Timetable Start Date"
        },
        {
            "type": "date",
            "name": "timetableEndDate",
            "oid": "8fadd98b-e39e-4b79-a8a5-4b465d9adc11",
            "displayLabel": "Timetable End Date"
        },
        {
            "type": "string",
            "name": "status",
            "oid": "b785dfef-fe3f-49a4-8b9e-f96ebafcb997",
            "displayLabel": "Status"
        },
        {
            "type": "date",
            "name": "statusDate",
            "oid": "aca8bdf6-5859-4ed5-bd18-f85de5f11b7b",
            "displayLabel": "Status Date"
        },
        {
            "type": "string",
            "name": "classDays",
            "oid": "3068cf20-23e2-44f9-b131-082005272d5b",
            "displayLabel": "Class Days"
        },
        {
            "type": "number",
            "name": "classPeriods",
            "oid": "8338595c-6903-4c64-9352-3952a6d1dce5",
            "displayLabel": "Class Periods"
        },
        {
            "type": "number",
            "name": "lunchBreak",
            "oid": "bd6628c1-5421-4067-b554-049c745440c1",
            "displayLabel": "Lunch Break"
        },
        {
            "type": "number",
            "name": "break1",
            "oid": "4485a0f7-b892-4e6e-a93a-a6ac004f1542",
            "displayLabel": "Break 1"
        },
        {
            "type": "number",
            "name": "break2",
            "oid": "93351aca-e957-46c2-a9a6-fd5c0ed44d99",
            "displayLabel": "Break 2"
        },
        {
            "type": "number",
            "name": "break3",
            "oid": "3025b4d7-c239-4991-872b-4c82c62942f0",
            "displayLabel": "Break 3"
        },
        {
            "type": "string",
            "name": "morningSupervision",
            "oid": "59ab0e3a-8d7d-45df-a3c1-3674e3eed0d9",
            "displayLabel": "Morning Supervision"
        },
{
            "type": "string",
            "name": "eveningSupervision",
            "oid": "336ade17-576d-4aec-80aa-53bbc3d12db5",
            "displayLabel": "Evening Supervision"
        },
        {
            "type": "string",
            "name": "classStartTime",
            "oid": "85497dfd-b7d6-4029-a3e8-0f862ef0c1b8",
            "displayLabel": "Class Start Time"
        }        ,
        {
            "type": "string",
            "name": "periodDuration",
            "oid": "440d27a7-51f7-4bd3-8e6c-39536b6c84b6",
            "displayLabel": "Period Duration"
        }        ,
        {
            "type": "string",
            "name": "lunchBreakDuration",
            "oid": "76fa9817-02fe-40ec-ac54-648d58184e4d",
            "displayLabel": "Lunch Break Duration"
        }        ,
        {
            "type": "string",
            "name": "breakDuration",
            "oid": "fded94c2-f79f-4cbd-99cd-35d2bc6ee131",
            "displayLabel": "Break Duration"
        }        ,
        {
            "type": "string",
            "name": "morningSupervisionDuration",
            "oid": "6bf65bb2-1cb8-430d-a980-9eea6d7677d0",
            "displayLabel": "Morning Supervision Duration"
        }        ,
        {
            "type": "string",
            "name": "eveningSupervisionDuration",
            "oid": "0c0eddda-05d9-4f73-b6f4-35f2e6b15972",
            "displayLabel": "Evening Supervision Duration"
        }
    ],
    "name": "DisplayTT",
    "oid": "3b9b87a9-88df-49e9-b2f4-1a199ff82fbf",
    "displayLabel": "Display T T"
}