{
    "fields": [
        {
            "type": "number",
            "name": "id",
            "internal": false,
            "key": true,
            "oid": "f53b2779-37b6-4e27-945d-1894b313296a",
            "required": true,
            "unique": true,
            "displayLabel": "Id"
        },
        {
            "type": "datetime",
            "name": "creationDate",
            "internal": false,
            "oid": "a3c405ac-51d2-4fef-864c-8d20365af8d4",
            "displayLabel": "Created",
            "historyType": "timeCreated"
        },
        {
            "type": "datetime",
            "name": "lastUpdateDate",
            "internal": false,
            "oid": "c040d594-8eac-4a07-846c-1691b8bf594a",
            "displayLabel": "Last Updated",
            "historyType": "timeUpdated"
        },
        {
            "type": "string",
            "name": "createdBy",
            "internal": false,
            "oid": "557660f0-c215-435b-85d1-9b29fb819f8c",
            "displayLabel": "Created By",
            "historyType": "createdBy"
        },
        {
            "type": "string",
            "name": "lastUpdatedBy",
            "internal": false,
            "oid": "1a3f1e28-fa85-4b37-b873-64bb7d5cf4b3",
            "displayLabel": "Last Updated By",
            "historyType": "updatedBy"
        },
        {
            "type": "number",
            "name": "versionNumber",
            "internal": false,
            "oid": "126bca81-1cdb-48bc-b7e2-e726a2f6ffcb",
            "displayLabel": "Version Number",
            "historyType": "versionNumber"
        },
        {
            "type": "string",
            "name": "status",
            "oid": "ff46152b-f2ee-4252-bae9-54a4ddef0018",
            "displayLabel": "Status"
        }
    ],
    "name": "StatusList",
    "oid": "092ce196-84a1-48f4-9d58-306c1195f310",
    "displayLabel": "Status List"
}