{
    "fields": [
        {
            "type": "number",
            "name": "id",
            "internal": false,
            "key": true,
            "oid": "2fcfb45c-5af9-4820-9113-44d541f2f7d4",
            "required": true,
            "unique": true,
            "displayLabel": "Id"
        },
        {
            "type": "datetime",
            "name": "creationDate",
            "internal": false,
            "oid": "0d19ac86-09cb-48d7-91ff-db00a6dc25ac",
            "displayLabel": "Created",
            "historyType": "timeCreated"
        },
        {
            "type": "datetime",
            "name": "lastUpdateDate",
            "internal": false,
            "oid": "4677a30f-b965-467e-98e1-fffdfb639d7e",
            "displayLabel": "Last Updated",
            "historyType": "timeUpdated"
        },
        {
            "type": "string",
            "name": "createdBy",
            "internal": false,
            "oid": "ae911a54-fb01-42d4-a0e6-4af0dc601c4a",
            "displayLabel": "Created By",
            "historyType": "createdBy"
        },
        {
            "type": "string",
            "name": "lastUpdatedBy",
            "internal": false,
            "oid": "35b5f820-3169-44f3-bc30-d2edf74556e2",
            "displayLabel": "Last Updated By",
            "historyType": "updatedBy"
        },
        {
            "type": "number",
            "name": "versionNumber",
            "internal": false,
            "oid": "63b360be-b7b7-4287-9f2b-98c9c172a22e",
            "displayLabel": "Version Number",
            "historyType": "versionNumber"
        },
        {
            "type": "string",
            "name": "period",
            "oid": "9f09c536-a359-4cd9-bcd7-2b71e00690d8",
            "displayLabel": "Period"
        },
        {
            "type": "string",
            "name": "startTime",
            "oid": "921ec850-667d-48a1-bdcc-c6ee5ee81e60",
            "displayLabel": "Start Time"
        },
        {
            "type": "string",
            "name": "endTime",
            "oid": "468ebdb9-2de4-4848-b64e-6e8af6a38739",
            "displayLabel": "End Time"
        }
    ],
    "name": "BO",
    "oid": "637dc564-09a7-4d04-b584-391a9ebf5ad1",
    "displayLabel": "Bo"
}