{
  "layoutTypes": {
    "businessObjects": {
      "kind": "operationRef",
      "serviceId": "businessObjects",
      "operations": [
        "get_DisplayTT"
      ]
    }
  },
  "layouts": {
    "isDefault": {
      "description": "Default Rule",
      "type": "businessObjects",
      "expression": "default"
    },
    "detail": {
      "type": "businessObjects",
      "layoutType": "form",
      "label": "Detail",
      "rules": [
        "isDefault"
      ],
      "layouts": {
        "default": {
          "layoutType": "form",
          "layout": {
            "displayProperties": [
              "classDays",
              "classPeriods",
              "lunchBreak",
              "break1",
              "break2",
              "break3",
              "morningSupervision",
              "eveningSupervision"
            ],
            "readonly": true
          }
        }
      }
    }
  }
}