{
  "title": "main",
  "description": "",
  "variables": {
    "contactDetailsADP": {
      "type": "vb/ArrayDataProvider2",
      "defaultValue": {
        "data": "{{ $variables.defaultContactsArray }}",
        "itemType": "contactDetails",
        "keyAttributes": "id"
      }
    },
    "defaultContactsArray": {
      "type": "contactDetails[]"
    },
    "mobileTypeArray": {
      "type": "phoneType[]"
    },
    "mobileTypesADP": {
      "type": "vb/ArrayDataProvider2",
      "defaultValue": {
        "data": "{{ $variables.mobileTypeArray }}",
        "itemType": "phoneType",
        "keyAttributes": "value"
      }
    }
  },
  "metadata": {},
  "types": {
    "contactDetails": {
      "id": "number",
      "phoneNumber": "string",
      "phoneType": "string"
    },
    "phoneType": {
      "label": "string",
      "value": "string"
    }
  },
  "eventListeners": {
    "buttonAction": {
      "chains": [
        {
          "chain": "InsertRowButtonActionChain"
        }
      ]
    }
  },
  "imports": {
    "components": {
      "oj-button": {
        "path": "ojs/ojbutton"
      }
   }
  }
}