{
    "items": [
        {
            "audit_id": 2241,
            "int_file_movement_id": null,
            "int_scheduler_id": null,
            "file_name": null,
            "oci_namespace": null,
            "oci_bucket_name": null,
            "oci_object_file_path": null,
            "glfwk_interface_id": null,
            "int_batch_process_id": null,
            "int_gl_import_process_id": null,
            "int_callback_id": null,
            "group_id": null,
            "f_load_int_id": null,
            "f_load_int_status": null,
            "f_import_id": null,
            "f_import_status": null,
            "f_summary": null,
            "f_ucm_id": null,
            "current_status": "ERRORED",
            "process_complete": null,
            "load_flag": null,
            "validate_flag": null,
            "transform_flag": null,
            "ready_for_import_flag": null,
            "fusion_import_flag": null,
            "callback_flag": null,
            "error_code": null,
            "error_message": null,
            "start_time": "2023-07-07T05:40:31Z",
            "end_time": null,
            "creation_date": "2023-07-07T05:40:31Z",
            "last_update_date": "2023-07-07T05:40:31Z",
            "created_by": null,
            "last_updated_by": null,
            "last_update_login": null,
            "attribute1": null,
            "attribute2": null,
            "attribute3": null,
            "attribute4": null,
            "attribute5": null,
            "attribute6": null,
            "attribute7": null,
            "attribute8": null,
            "attribute9": null,
            "attribute10": null,
            "attribute_date1": null,
            "attribute_date2": null,
            "attribute_date3": null,
            "attribute_date4": null,
            "attribute_date5": null,
            "attribute_date6": null,
            "attribute_date7": null,
            "attribute_date8": null,
            "attribute_date9": null,
            "attribute_date10": null,
            "resolution": null,
            "file_total": null,
            "ticket_flag": null
        },
        {
            "audit_id": 2218,
            "int_file_movement_id": null,
            "int_scheduler_id": null,
            "file_name": "PBP_CHG_Oracle_Sales_PBP_20230627-045225.csv",
            "oci_namespace": null,
            "oci_bucket_name": null,
            "oci_object_file_path": null,
            "glfwk_interface_id": 161,
            "int_batch_process_id": null,
            "int_gl_import_process_id": null,
            "int_callback_id": null,
            "group_id": 2261,
            "f_load_int_id": null,
            "f_load_int_status": null,
            "f_import_id": null,
            "f_import_status": null,
            "f_summary": null,
            "f_ucm_id": null,
            "current_status": "ERROR",
            "process_complete": null,
            "load_flag": null,
            "validate_flag": null,
            "transform_flag": "Y",
            "ready_for_import_flag": "Y",
            "fusion_import_flag": null,
            "callback_flag": null,
            "error_code": null,
            "error_message": null,
            "start_time": "2023-07-04T00:00:00Z",
            "end_time": null,
            "creation_date": "2023-07-04T17:41:35Z",
            "last_update_date": "2023-07-04T18:51:53Z",
            "created_by": "-9999",
            "last_updated_by": "-9999",
            "last_update_login": null,
            "attribute1": null,
            "attribute2": null,
            "attribute3": null,
            "attribute4": null,
            "attribute5": null,
            "attribute6": null,
            "attribute7": null,
            "attribute8": null,
            "attribute9": null,
            "attribute10": null,
            "attribute_date1": null,
            "attribute_date2": null,
            "attribute_date3": null,
            "attribute_date4": null,
            "attribute_date5": null,
            "attribute_date6": null,
            "attribute_date7": null,
            "attribute_date8": null,
            "attribute_date9": null,
            "attribute_date10": null,
            "resolution": null,
            "file_total": 694.2,
            "ticket_flag": "Y"
        },
        {
            "audit_id": 2261,
            "int_file_movement_id": 20400092,
            "int_scheduler_id": 20800109,
            "file_name": "Charges_Ecom6_20230625-052727.csv",
            "oci_namespace": "lrexu13lwqjr",
            "oci_bucket_name": "NonProd",
            "oci_object_file_path": "GL Interface/ECOM6/Process/",
            "glfwk_interface_id": 101,
            "int_batch_process_id": null,
            "int_gl_import_process_id": null,
            "int_callback_id": null,
            "group_id": 2320,
            "f_load_int_id": null,
            "f_load_int_status": null,
            "f_import_id": null,
            "f_import_status": null,
            "f_summary": null,
            "f_ucm_id": null,
            "current_status": "IMPORT",
            "process_complete": null,
            "load_flag": "S",
            "validate_flag": "Y",
            "transform_flag": "Y",
            "ready_for_import_flag": "Y",
            "fusion_import_flag": null,
            "callback_flag": null,
            "error_code": null,
            "error_message": "Completed Successfully",
            "start_time": "2023-07-09T09:23:10Z",
            "end_time": null,
            "creation_date": "2023-07-09T09:23:10Z",
            "last_update_date": "2023-07-09T09:24:35Z",
            "created_by": "UAT XXNCP_GL_Generic_Framework",
            "last_updated_by": "UAT XXNCP_GL_Generic_Framework",
            "last_update_login": null,
            "attribute1": null,
            "attribute2": null,
            "attribute3": null,
            "attribute4": null,
            "attribute5": null,
            "attribute6": null,
            "attribute7": null,
            "attribute8": null,
            "attribute9": null,
            "attribute10": null,
            "attribute_date1": null,
            "attribute_date2": null,
            "attribute_date3": null,
            "attribute_date4": null,
            "attribute_date5": null,
            "attribute_date6": null,
            "attribute_date7": null,
            "attribute_date8": null,
            "attribute_date9": null,
            "attribute_date10": null,
            "resolution": null,
            "file_total": 95.67,
            "ticket_flag": null
        },
        {
            "audit_id": 2262,
            "int_file_movement_id": 20400093,
            "int_scheduler_id": 20800109,
            "file_name": "CHARGES_WORLDPAY_20230701-200719.csv",
            "oci_namespace": "lrexu13lwqjr",
            "oci_bucket_name": "NonProd",
            "oci_object_file_path": "GL Interface/WORLDPAY/Process/",
            "glfwk_interface_id": 201,
            "int_batch_process_id": null,
            "int_gl_import_process_id": null,
            "int_callback_id": null,
            "group_id": null,
            "f_load_int_id": null,
            "f_load_int_status": null,
            "f_import_id": null,
            "f_import_status": null,
            "f_summary": null,
            "f_ucm_id": null,
            "current_status": "ERROR",
            "process_complete": null,
            "load_flag": "S",
            "validate_flag": "Y",
            "transform_flag": "N",
            "ready_for_import_flag": null,
            "fusion_import_flag": null,
            "callback_flag": null,
            "error_code": null,
            "error_message": "Journal Transformation Program to Interim Refer table more more details - XXNCP_GLINT_ERRORS_T",
            "start_time": "2023-07-09T09:23:15Z",
            "end_time": null,
            "creation_date": "2023-07-09T09:23:15Z",
            "last_update_date": "2023-07-09T09:24:15Z",
            "created_by": "UAT XXNCP_GL_Generic_Framework",
            "last_updated_by": "UAT XXNCP_GL_Generic_Framework",
            "last_update_login": null,
            "attribute1": null,
            "attribute2": null,
            "attribute3": null,
            "attribute4": null,
            "attribute5": null,
            "attribute6": null,
            "attribute7": null,
            "attribute8": null,
            "attribute9": null,
            "attribute10": null,
            "attribute_date1": null,
            "attribute_date2": null,
            "attribute_date3": null,
            "attribute_date4": null,
            "attribute_date5": null,
            "attribute_date6": null,
            "attribute_date7": null,
            "attribute_date8": null,
            "attribute_date9": null,
            "attribute_date10": null,
            "resolution": null,
            "file_total": null,
            "ticket_flag": "Y"
        },
        {
            "audit_id": 2219,
            "int_file_movement_id": 20800055,
            "int_scheduler_id": 20400053,
            "file_name": "Oracle_Sales_PBP_20230628-045027.csv",
            "oci_namespace": "lrexu13lwqjr",
            "oci_bucket_name": "NonProd",
            "oci_object_file_path": "GL Interface/PAYBYPHONE/Process/",
            "glfwk_interface_id": 81,
            "int_batch_process_id": null,
            "int_gl_import_process_id": null,
            "int_callback_id": null,
            "group_id": 2262,
            "f_load_int_id": null,
            "f_load_int_status": null,
            "f_import_id": null,
            "f_import_status": null,
            "f_summary": null,
            "f_ucm_id": null,
            "current_status": "ERROR",
            "process_complete": null,
            "load_flag": "S",
            "validate_flag": "Y",
            "transform_flag": "Y",
            "ready_for_import_flag": "Y",
            "fusion_import_flag": null,
            "callback_flag": null,
            "error_code": null,
            "error_message": "Journal Transformation Program to Interim Refer table more more details - XXNCP_GLINT_ERRORS_T",
            "start_time": "2023-07-04T18:05:31Z",
            "end_time": null,
            "creation_date": "2023-07-04T18:05:31Z",
            "last_update_date": "2023-07-04T20:57:51Z",
            "created_by": "UAT XXNCP_GL_Generic_Framework",
            "last_updated_by": "UAT XXNCP_GL_Generic_Framework",
            "last_update_login": null,
            "attribute1": null,
            "attribute2": null,
            "attribute3": null,
            "attribute4": null,
            "attribute5": null,
            "attribute6": null,
            "attribute7": null,
            "attribute8": null,
            "attribute9": null,
            "attribute10": null,
            "attribute_date1": null,
            "attribute_date2": null,
            "attribute_date3": null,
            "attribute_date4": null,
            "attribute_date5": null,
            "attribute_date6": null,
            "attribute_date7": null,
            "attribute_date8": null,
            "attribute_date9": null,
            "attribute_date10": null,
            "resolution": null,
            "file_total": 49309.35,
            "ticket_flag": "Y"
        },
        {
            "audit_id": 2217,
            "int_file_movement_id": 20800053,
            "int_scheduler_id": 20400052,
            "file_name": "Oracle_Sales_PBP_20230627-045225.csv",
            "oci_namespace": "lrexu13lwqjr",
            "oci_bucket_name": "NonProd",
            "oci_object_file_path": "GL Interface/PAYBYPHONE/Process/",
            "glfwk_interface_id": 81,
            "int_batch_process_id": null,
            "int_gl_import_process_id": null,
            "int_callback_id": null,
            "group_id": 2263,
            "f_load_int_id": null,
            "f_load_int_status": null,
            "f_import_id": null,
            "f_import_status": null,
            "f_summary": null,
            "f_ucm_id": null,
            "current_status": "ERROR",
            "process_complete": null,
            "load_flag": "S",
            "validate_flag": "Y",
            "transform_flag": "Y",
            "ready_for_import_flag": "Y",
            "fusion_import_flag": null,
            "callback_flag": null,
            "error_code": null,
            "error_message": "Journal Transformation Program to Interim Refer table more more details - XXNCP_GLINT_ERRORS_T",
            "start_time": "2023-07-04T17:41:12Z",
            "end_time": null,
            "creation_date": "2023-07-04T17:41:12Z",
            "last_update_date": "2023-07-04T20:58:03Z",
            "created_by": "UAT XXNCP_GL_Generic_Framework",
            "last_updated_by": "UAT XXNCP_GL_Generic_Framework",
            "last_update_login": null,
            "attribute1": null,
            "attribute2": null,
            "attribute3": null,
            "attribute4": null,
            "attribute5": null,
            "attribute6": null,
            "attribute7": null,
            "attribute8": null,
            "attribute9": null,
            "attribute10": null,
            "attribute_date1": null,
            "attribute_date2": null,
            "attribute_date3": null,
            "attribute_date4": null,
            "attribute_date5": null,
            "attribute_date6": null,
            "attribute_date7": null,
            "attribute_date8": null,
            "attribute_date9": null,
            "attribute_date10": null,
            "resolution": null,
            "file_total": 44422.5,
            "ticket_flag": "Y"
        },
        {
            "audit_id": 2220,
            "int_file_movement_id": null,
            "int_scheduler_id": null,
            "file_name": "PBP_CHG_Oracle_Sales_PBP_20230628-045027.csv",
            "oci_namespace": null,
            "oci_bucket_name": null,
            "oci_object_file_path": null,
            "glfwk_interface_id": 161,
            "int_batch_process_id": null,
            "int_gl_import_process_id": null,
            "int_callback_id": null,
            "group_id": 2260,
            "f_load_int_id": null,
            "f_load_int_status": null,
            "f_import_id": null,
            "f_import_status": null,
            "f_summary": null,
            "f_ucm_id": null,
            "current_status": "ERROR",
            "process_complete": null,
            "load_flag": null,
            "validate_flag": null,
            "transform_flag": "Y",
            "ready_for_import_flag": "Y",
            "fusion_import_flag": null,
            "callback_flag": null,
            "error_code": null,
            "error_message": null,
            "start_time": "2023-07-04T00:00:00Z",
            "end_time": null,
            "creation_date": "2023-07-04T18:06:03Z",
            "last_update_date": "2023-07-04T18:42:16Z",
            "created_by": "-9999",
            "last_updated_by": "-9999",
            "last_update_login": null,
            "attribute1": null,
            "attribute2": null,
            "attribute3": null,
            "attribute4": null,
            "attribute5": null,
            "attribute6": null,
            "attribute7": null,
            "attribute8": null,
            "attribute9": null,
            "attribute10": null,
            "attribute_date1": null,
            "attribute_date2": null,
            "attribute_date3": null,
            "attribute_date4": null,
            "attribute_date5": null,
            "attribute_date6": null,
            "attribute_date7": null,
            "attribute_date8": null,
            "attribute_date9": null,
            "attribute_date10": null,
            "resolution": null,
            "file_total": 581.3,
            "ticket_flag": "Y"
        },
        {
            "audit_id": 2242,
            "int_file_movement_id": 20400086,
            "int_scheduler_id": 20800097,
            "file_name": "Oracle_Sales_PBP_20230629-044934.csv",
            "oci_namespace": "lrexu13lwqjr",
            "oci_bucket_name": "NonProd",
            "oci_object_file_path": "GL Interface/PAYBYPHONE/Process/",
            "glfwk_interface_id": 81,
            "int_batch_process_id": null,
            "int_gl_import_process_id": null,
            "int_callback_id": null,
            "group_id": 2300,
            "f_load_int_id": null,
            "f_load_int_status": null,
            "f_import_id": null,
            "f_import_status": null,
            "f_summary": null,
            "f_ucm_id": null,
            "current_status": "ERROR",
            "process_complete": null,
            "load_flag": "S",
            "validate_flag": "Y",
            "transform_flag": "Y",
            "ready_for_import_flag": "Y",
            "fusion_import_flag": null,
            "callback_flag": null,
            "error_code": null,
            "error_message": "Completed Successfully",
            "start_time": "2023-07-07T07:40:15Z",
            "end_time": null,
            "creation_date": "2023-07-07T07:40:15Z",
            "last_update_date": "2023-07-07T07:52:14Z",
            "created_by": "UAT XXNCP_GL_Generic_Framework",
            "last_updated_by": "UAT XXNCP_GL_Generic_Framework",
            "last_update_login": null,
            "attribute1": null,
            "attribute2": null,
            "attribute3": null,
            "attribute4": null,
            "attribute5": null,
            "attribute6": null,
            "attribute7": null,
            "attribute8": null,
            "attribute9": null,
            "attribute10": null,
            "attribute_date1": null,
            "attribute_date2": null,
            "attribute_date3": null,
            "attribute_date4": null,
            "attribute_date5": null,
            "attribute_date6": null,
            "attribute_date7": null,
            "attribute_date8": null,
            "attribute_date9": null,
            "attribute_date10": null,
            "resolution": null,
            "file_total": 44130.5,
            "ticket_flag": "Y"
        },
        {
            "audit_id": 2243,
            "int_file_movement_id": null,
            "int_scheduler_id": null,
            "file_name": "PBP_CHG_Oracle_Sales_PBP_20230629-044934.csv",
            "oci_namespace": null,
            "oci_bucket_name": null,
            "oci_object_file_path": null,
            "glfwk_interface_id": 161,
            "int_batch_process_id": null,
            "int_gl_import_process_id": null,
            "int_callback_id": null,
            "group_id": 2301,
            "f_load_int_id": null,
            "f_load_int_status": null,
            "f_import_id": null,
            "f_import_status": null,
            "f_summary": null,
            "f_ucm_id": null,
            "current_status": "ERROR",
            "process_complete": null,
            "load_flag": null,
            "validate_flag": null,
            "transform_flag": "Y",
            "ready_for_import_flag": "Y",
            "fusion_import_flag": null,
            "callback_flag": null,
            "error_code": null,
            "error_message": null,
            "start_time": "2023-07-07T00:00:00Z",
            "end_time": null,
            "creation_date": "2023-07-07T07:40:42Z",
            "last_update_date": "2023-07-07T07:52:22Z",
            "created_by": "-9999",
            "last_updated_by": "-9999",
            "last_update_login": null,
            "attribute1": null,
            "attribute2": null,
            "attribute3": null,
            "attribute4": null,
            "attribute5": null,
            "attribute6": null,
            "attribute7": null,
            "attribute8": null,
            "attribute9": null,
            "attribute10": null,
            "attribute_date1": null,
            "attribute_date2": null,
            "attribute_date3": null,
            "attribute_date4": null,
            "attribute_date5": null,
            "attribute_date6": null,
            "attribute_date7": null,
            "attribute_date8": null,
            "attribute_date9": null,
            "attribute_date10": null,
            "resolution": null,
            "file_total": 284.15,
            "ticket_flag": "Y"
        },
        {
            "audit_id": 2222,
            "int_file_movement_id": 20800071,
            "int_scheduler_id": 20800069,
            "file_name": "Sales_RingGo_20230629-201200-1.csv",
            "oci_namespace": "lrexu13lwqjr",
            "oci_bucket_name": "NonProd",
            "oci_object_file_path": "GL Interface/RINGGO/Process/",
            "glfwk_interface_id": 1,
            "int_batch_process_id": null,
            "int_gl_import_process_id": null,
            "int_callback_id": null,
            "group_id": 2281,
            "f_load_int_id": null,
            "f_load_int_status": null,
            "f_import_id": null,
            "f_import_status": null,
            "f_summary": null,
            "f_ucm_id": null,
            "current_status": "IMPORT",
            "process_complete": null,
            "load_flag": "S",
            "validate_flag": "Y",
            "transform_flag": "Y",
            "ready_for_import_flag": "Y",
            "fusion_import_flag": null,
            "callback_flag": null,
            "error_code": null,
            "error_message": "Completed Successfully",
            "start_time": "2023-07-05T08:14:51Z",
            "end_time": null,
            "creation_date": "2023-07-05T08:14:51Z",
            "last_update_date": "2023-07-05T08:17:57Z",
            "created_by": "UAT XXNCP_GL_Generic_Framework",
            "last_updated_by": "UAT XXNCP_GL_Generic_Framework",
            "last_update_login": null,
            "attribute1": null,
            "attribute2": null,
            "attribute3": null,
            "attribute4": null,
            "attribute5": null,
            "attribute6": null,
            "attribute7": null,
            "attribute8": null,
            "attribute9": null,
            "attribute10": null,
            "attribute_date1": null,
            "attribute_date2": null,
            "attribute_date3": null,
            "attribute_date4": null,
            "attribute_date5": null,
            "attribute_date6": null,
            "attribute_date7": null,
            "attribute_date8": null,
            "attribute_date9": null,
            "attribute_date10": null,
            "resolution": null,
            "file_total": 7776.5,
            "ticket_flag": null
        },
        {
            "audit_id": 2221,
            "int_file_movement_id": 20800070,
            "int_scheduler_id": 20800069,
            "file_name": "Sales_RingGo_20230628-200957.csv",
            "oci_namespace": "lrexu13lwqjr",
            "oci_bucket_name": "NonProd",
            "oci_object_file_path": "GL Interface/RINGGO/Process/",
            "glfwk_interface_id": 1,
            "int_batch_process_id": null,
            "int_gl_import_process_id": null,
            "int_callback_id": null,
            "group_id": 2280,
            "f_load_int_id": null,
            "f_load_int_status": null,
            "f_import_id": null,
            "f_import_status": null,
            "f_summary": null,
            "f_ucm_id": null,
            "current_status": "IMPORT",
            "process_complete": null,
            "load_flag": "S",
            "validate_flag": "Y",
            "transform_flag": "Y",
            "ready_for_import_flag": "Y",
            "fusion_import_flag": null,
            "callback_flag": null,
            "error_code": null,
            "error_message": "Completed Successfully",
            "start_time": "2023-07-05T08:14:48Z",
            "end_time": null,
            "creation_date": "2023-07-05T08:14:48Z",
            "last_update_date": "2023-07-05T08:17:53Z",
            "created_by": "UAT XXNCP_GL_Generic_Framework",
            "last_updated_by": "UAT XXNCP_GL_Generic_Framework",
            "last_update_login": null,
            "attribute1": null,
            "attribute2": null,
            "attribute3": null,
            "attribute4": null,
            "attribute5": null,
            "attribute6": null,
            "attribute7": null,
            "attribute8": null,
            "attribute9": null,
            "attribute10": null,
            "attribute_date1": null,
            "attribute_date2": null,
            "attribute_date3": null,
            "attribute_date4": null,
            "attribute_date5": null,
            "attribute_date6": null,
            "attribute_date7": null,
            "attribute_date8": null,
            "attribute_date9": null,
            "attribute_date10": null,
            "resolution": null,
            "file_total": 7776.5,
            "ticket_flag": null
        }
    ],
    "hasMore": false,
    "limit": 0,
    "offset": 0,
    "count": 11,
    "links": [
        {
            "rel": "self",
            "href": "https://g4ed36b38896702-atpdevdb.adb.uk-london-1.oraclecloudapps.com/ords/erp/gl/glaudit/"
        },
        {
            "rel": "edit",
            "href": "https://g4ed36b38896702-atpdevdb.adb.uk-london-1.oraclecloudapps.com/ords/erp/gl/glaudit/"
        },
        {
            "rel": "describedby",
            "href": "https://g4ed36b38896702-atpdevdb.adb.uk-london-1.oraclecloudapps.com/ords/erp/metadata-catalog/gl/glaudit/"
        }
    ]
}