{
    "fields": [
        {
            "type": "number",
            "name": "id",
            "internal": false,
            "key": true,
            "oid": "738e2146-d043-48c4-bc8a-3bdcfa9b6ae5",
            "required": true,
            "unique": true,
            "displayLabel": "Id"
        },
        {
            "type": "datetime",
            "name": "creationDate",
            "internal": false,
            "oid": "f973bbc5-0d60-4b27-b59b-b3782422254d",
            "displayLabel": "Created",
            "historyType": "timeCreated"
        },
        {
            "type": "datetime",
            "name": "lastUpdateDate",
            "internal": false,
            "oid": "893abc70-40f1-4f9d-9c2a-29e3cab6fe1b",
            "displayLabel": "Last Updated",
            "historyType": "timeUpdated"
        },
        {
            "type": "string",
            "name": "createdBy",
            "internal": false,
            "oid": "13ddd672-2b7e-487f-afc0-2a7a11b7198c",
            "displayLabel": "Created By",
            "historyType": "createdBy"
        },
        {
            "type": "string",
            "name": "lastUpdatedBy",
            "internal": false,
            "oid": "9b65f93b-0f1a-41bf-8744-16e06c1f47e9",
            "displayLabel": "Last Updated By",
            "historyType": "updatedBy"
        },
        {
            "type": "number",
            "name": "versionNumber",
            "internal": false,
            "oid": "2ce60f1f-5db1-4e58-8007-07e7bcf71f61",
            "displayLabel": "Version Number",
            "historyType": "versionNumber"
        }
    ],
    "name": "Contacts",
    "oid": "886005fb-968c-4a17-b35d-b715d13a206a",
    "displayLabel": "Contacts"
}