{
    "backends": {
        "ObjectStorage": {
            "servers": [
                {
                    "url": "https://objectstorage.eu-frankfurt-1.oraclecloud.com",
                    "description": "Default Server",
                    "x-vb": {
                        "authentication": {
                            "authenticated": {
                                "type": "http_signature_oci",
                                "credentials": "vb_6b6431bb-2df3-4423-8ce1-623c850ab6c1"
                            }
                        }
                    }
                }
            ]
        }
      }
}