{
  "description": "",
  "root": "if",
  "actions": {
    "if": {
      "module": "vb/action/builtin/ifAction",
      "parameters": {
        "condition": "[[ $application.functions.isFormValid(\"resolution_form\") ]]"
      },
      "outcomes": {
        "true": "callRestPutGlauditResolutionUpdate"
      }
    },
    "fireNotification": {
      "module": "vb/action/builtin/fireNotificationEventAction",
      "parameters": {
        "target": "leaf",
        "summary": "[[ $chain.results.callRestPutGlauditResolutionUpdate.message.summary ]]",
        "type": "error",
        "displayMode": "persist"
      }
    },
    "callRestPutGlauditResolutionUpdate": {
      "module": "vb/action/builtin/restAction",
      "parameters": {
        "endpoint": "ords/putGlauditResolution_update",
        "uriParams": {
          "p_audit_id": "{{ $page.variables.VarResolution_Payload.audit_id }}",
          "p_resolution": "{{ $page.variables.VarResolution_Payload.resolution_comments }}",
          "p_last_updated_by": "{{ $application.user.username }}"
        }
      },
      "outcomes": {
        "failure": "fireNotification",
        "success": "fireNotification3"
      }
    },
    "fireNotification3": {
      "module": "vb/action/builtin/fireNotificationEventAction",
      "parameters": {
        "target": "leaf",
        "summary": "Resolution successfully updated",
        "displayMode": "transient",
        "type": "confirmation"
      },
      "outcomes": {
        "success": "callComponentOjDialogResolutionClose"
      }
    },
    "callComponentOjDialogResolutionClose": {
      "module": "vb/action/builtin/callComponentMethodAction",
      "parameters": {
        "component": "{{ document.getElementById('oj-dialog-resolution') }}",
        "method": "close"
      }
    }
  },
  "variables": {}
}