{
  "description": "",
  "root": "resetVariablesVarResolutionPayload",
  "actions": {
    "callComponentOjDialogResolutionOpen": {
      "module": "vb/action/builtin/callComponentMethodAction",
      "parameters": {
        "component": "{{ document.getElementById('oj-dialog-resolution') }}",
        "method": "open"
      }
    },
    "assignVariables": {
      "module": "vb/action/builtin/assignVariablesAction",
      "parameters": {
        "$page.variables.VarResolution_Payload": {
          "source": {
            "audit_id": "{{ $variables.current.row.audit_id }}"
          },
          "reset": "none",
          "auto": "always"
        }
      },
      "outcomes": {
        "success": "callComponentOjDialogResolutionOpen"
      }
    },
    "resetVariablesVarResolutionPayload": {
      "module": "vb/action/builtin/resetVariablesAction",
      "parameters": {
        "variables": [
          "$page.variables.VarResolution_Payload"
        ]
      },
      "outcomes": {
        "success": "assignVariables"
      }
    }
  },
  "variables": {
    "key": {
      "required": true,
      "type": "any",
      "input": "fromCaller"
    },
    "index": {
      "required": true,
      "type": "number",
      "input": "fromCaller"
    },
    "current": {
      "required": true,
      "type": "any",
      "input": "fromCaller"
    }
  }
}