{
  "description": "",
  "root": "assignVariablesGlAuditSDP",
  "actions": {
    "assignVariablesGlAuditSDP": {
      "module": "vb/action/builtin/assignVariablesAction",
      "parameters": {
        "$page.variables.glAudit_SDP": {
          "source": {
            "uriParameters": {
              "p_date_from": "{{ $page.variables.varSearch.p_date_from ? $page.variables.varSearch.p_date_from : \"\" }}",
              "p_date_to": "{{ $page.variables.varSearch.p_date_to ? $page.variables.varSearch.p_date_to : \"\" }}",
              "p_current_status": "{{ $page.variables.varSearch.p_current_status ? $page.variables.varSearch.p_current_status : \"\" }}",
              "p_file_name": "{{ $page.variables.varSearch.p_file_name ? $page.variables.varSearch.p_file_name : \"\" }}"
            }
          },
          "auto": "always"
        }
      }
    }
  },
  "variables": {}
}