{
  "layoutTypes": {
    "businessObjects": {
      "kind": "operationRef",
      "serviceId": "businessObjects",
      "operations": [
        "getall_Timetable_search_reslt"
      ]
    }
  },
  "layouts": {
    "isDefault": {
      "description": "Default Rule",
      "type": "businessObjects",
      "expression": "default"
    },
    "tableResults": {
      "type": "businessObjects",
      "layoutType": "table",
      "label": "table_results",
      "rules": [
        "isDefault"
      ],
      "layouts": {
        "default": {
          "layoutType": "table",
          "layout": {
            "displayProperties": [
              "timeTableID",
              "tTName",
              "tTStartDate",
              "tTEndDate",
              "status",
              "statusDate"
            ]
          }
        }
      }
    },
    "isDefault2": {
      "description": "Default Rule",
      "type": "businessObjects",
      "expression": "default"
    },
    "test": {
      "type": "businessObjects",
      "layoutType": "table",
      "label": "test",
      "rules": [
        "isDefault2"
      ],
      "layouts": {
        "default": {
          "layoutType": "table",
          "layout": {
            "displayProperties": [
              "lastUpdatedBy",
              "statusDate",
              "timeTableID"
            ]
          }
        }
      }
    }
  }
}