{
  "root": "callRestGetStatusLov",
  "description": "",
  "variables": {},
  "actions": {
    "fireNotification": {
      "module": "vb/action/builtin/fireNotificationEventAction",
      "parameters": {
        "target": "leaf",
        "summary": "[[ $chain.results.callRestGetStatusLov.message.summary ]]",
        "type": "error",
        "displayMode": "persist"
      }
    },
    "callRestGetStatusLov": {
      "module": "vb/action/builtin/restAction",
      "parameters": {
        "endpoint": "ords/getStatusLov"
      },
      "outcomes": {
        "failure": "fireNotification",
        "success": "assignVariables"
      }
    },
    "assignVariables": {
      "module": "vb/action/builtin/assignVariablesAction",
      "parameters": {
        "$page.variables.statusArray": {
          "source": "{{ $chain.results.callRestGetStatusLov.body.items }}",
          "mapping": {
            "$target.current_status": {
              "source": "$source.current_status",
              "reset": "none"
            }
          },
          "reset": "empty"
        }
      }
    }
  }
}