{
    "vbcs.dt.version": "20230620-23.10.3",
    "dependencies": {
        "upgrade": "micro",
        "paths": {
            "jet": "https://static.oracle.com/cdn/jet/13.1.7",
            "telemetry": "https://static.oracle.com/cdn/trace/7.2.1",
            "visualRuntime": "https://static.oracle.com/cdn/vb/2304.0.2"
        }
    },
    "source.version": "2304",
    "migration": {
        "2304": [
            "LayoutFieldRestDisplayPropertyMigrator",
            "ReferenceToNumberFieldTypeMigrator",
            "SetHistoryTypeMigrator"
        ]
    }
}