{
    "fields": [
        {
            "type": "number",
            "name": "id",
            "internal": false,
            "key": true,
            "oid": "7ef2c316-15eb-4595-914a-54aa7878db03",
            "required": true,
            "unique": true,
            "displayLabel": "Id"
        },
        {
            "type": "datetime",
            "name": "creationDate",
            "internal": false,
            "oid": "fc664ad7-f3c0-41ae-b3e7-a1e3756e3a76",
            "displayLabel": "Created",
            "historyType": "timeCreated"
        },
        {
            "type": "datetime",
            "name": "lastUpdateDate",
            "internal": false,
            "oid": "1278cc9c-81b6-41ab-a70c-9b4463d86cdd",
            "displayLabel": "Last Updated",
            "historyType": "timeUpdated"
        },
        {
            "type": "string",
            "name": "createdBy",
            "internal": false,
            "oid": "cfdcb7f1-1ec1-4fa3-847d-63d06c5eb045",
            "displayLabel": "Created By",
            "historyType": "createdBy"
        },
        {
            "type": "string",
            "name": "lastUpdatedBy",
            "internal": false,
            "oid": "23140184-97c3-420a-b431-465420a12a57",
            "displayLabel": "Last Updated By",
            "historyType": "updatedBy"
        },
        {
            "type": "number",
            "name": "versionNumber",
            "internal": false,
            "oid": "1465961e-0607-4bca-bfc2-078b4a798de4",
            "displayLabel": "Version Number",
            "historyType": "versionNumber"
        },
        {
            "type": "string",
            "name": "period",
            "oid": "6a353e5a-f026-4a51-a22a-1e3adcce6d05",
            "displayLabel": "Period"
        },
        {
            "type": "string",
            "name": "startTime",
            "oid": "19b3bc4e-91db-451c-ab5a-db276ec7328c",
            "displayLabel": "Start Time"
        },
        {
            "type": "string",
            "name": "finishTime",
            "oid": "40a36ce5-8850-436c-84ae-1debd74283eb",
            "displayLabel": "Finish Time"
        }
    ],
    "name": "Period",
    "oid": "9eed5529-b32f-4f77-bea6-fe21bc685a08",
    "displayLabel": "Period"
}