{
  "description": "Notify primary action is triggered",
  "variables": {
    "detail": {
      "type": "any",
      "input": "fromCaller",
      "required": true
    }
  },
  "root": "callSaveChain",
  "actions": {
    "callSaveChain": {
      "module": "vb/action/builtin/callChainAction",
      "parameters": {
        "id": "spSaveChain"
      },
      "outcomes": {
        "success": "navigateToMainStart"
      }
    },
    "navigateToMainStart": {
      "module": "vb/action/builtin/navigateAction",
      "parameters": {
        "page": "main-start"
      }
    }
  }
}