{
  "layoutTypes": {
    "icsEAAI": {
      "kind": "operationRef",
      "serviceId": "icsEAAI",
      "operations": [
        "getVBCS_DOCUMENT_UNDERSTAND1_0Du"
      ]
    }
  },
  "layouts": {
    "isDefault": {
      "description": "Default Rule",
      "type": "icsEAAI",
      "expression": "default"
    },
    "formSet": {
      "type": "icsEAAI",
      "layoutType": "form",
      "label": "FormSet",
      "rules": [
        "isDefault"
      ],
      "layouts": {
        "default": {
          "layoutType": "form",
          "layout": {
            "displayProperties": [
              "SelectSQLOutputCollection.SelectSQLOutput",
              "SelectSQLOutputCollection"
            ],
            "readonly": true
          }
        }
      }
    }
  },
  "templates": {}
}