{
    "fields": [
        {
            "type": "number",
            "name": "id",
            "internal": false,
            "key": true,
            "oid": "4e864f7d-fe8b-4280-868c-9abe7569c385",
            "required": true,
            "unique": true,
            "displayLabel": "Id"
        },
        {
            "type": "datetime",
            "name": "creationDate",
            "internal": false,
            "oid": "ab44e06e-8bc8-4dad-8180-dbe21923c6c2",
            "displayLabel": "Created",
            "historyType": "timeCreated"
        },
        {
            "type": "datetime",
            "name": "lastUpdateDate",
            "internal": false,
            "oid": "320fa1b9-2dad-45ec-a4c8-f40769e10d5f",
            "displayLabel": "Last Updated",
            "historyType": "timeUpdated"
        },
        {
            "type": "string",
            "name": "createdBy",
            "internal": false,
            "oid": "46a16bfb-33fb-433d-bc8a-6df85d1bfb6a",
            "displayLabel": "Created By",
            "historyType": "createdBy"
        },
        {
            "type": "string",
            "name": "lastUpdatedBy",
            "internal": false,
            "oid": "0d5cdc95-5686-44d4-a6e4-2632e8923092",
            "displayLabel": "Last Updated By",
            "historyType": "updatedBy"
        },
        {
            "type": "number",
            "name": "versionNumber",
            "internal": false,
            "oid": "4f21f007-dd28-46fa-886f-6219e7c47290",
            "displayLabel": "Version Number",
            "historyType": "versionNumber"
        },
        {
            "type": "string",
            "name": "status",
            "oid": "3a1ee981-3fc9-4078-9361-7910bdaaed36",
            "displayLabel": "Status"
        },
        {
            "type": "date",
            "name": "statusDate",
            "oid": "c8d7187e-5602-4d3f-aab1-1af443c1726a",
            "displayLabel": "StatusDate"
        },
        {
            "type": "date",
            "name": "timetableId",
            "oid": "bd2823ff-2d9b-402e-aa74-6da420c1c31a",
            "displayLabel": "TimetableId"
        },
        {
            "type": "date",
            "name": "tTEndDate",
            "oid": "d7d5571c-a948-4d3b-9c3c-8209b0c0aa6a",
            "displayLabel": "TTEndDate"
        },
        {
            "type": "string",
            "name": "tTName",
            "oid": "576e96df-5439-4729-8699-9e356bfb28a9",
            "displayLabel": "TTName"
        },
        {
            "type": "date",
            "name": "tTStartDate",
            "oid": "ae5091be-1417-4f78-994b-030a91e0873a",
            "displayLabel": "TTStartDate"
        }
    ],
    "name": "TT_SearchList",
    "oid": "f96cceaf-8695-4501-be20-2ef123224be2",
    "displayLabel": "Tt_ Search List"
}