{
  "title": "main dup",
  "description": "",
  "variables": {
    "BOADP": {
      "type": "vb/ArrayDataProvider2",
      "defaultValue": {
        "itemType": "BOType",
        "keyAttributes": "period"
      }
    },
    "currentRow": {
      "type": "BOType"
    }
  },
  "metadata": {},
  "types": {
    "@decorators.BOType": {
      "endpoint": "get_BO",
      "service": "businessObjects",
      "path": "response"
    },
    "BOType": {
      "endTime": "string",
      "period": "string",
      "startTime": "string"
    }
  },
  "eventListeners": {
    "tableBeforeRowEdit": {
      "chains": [
        {
          "chain": "TableBeforeRowEditChain",
          "parameters": {
            "rowKey": "{{$event.detail.rowContext.status.rowKey}}",
            "rowIndex": "{{$event.detail.rowContext.status.rowIndex}}",
            "rowData": "{{$event.detail.rowContext.componentElement.getDataForVisibleRow($event.detail.rowContext.status.rowIndex).data}}"
          }
        }
      ]
    },
    "vbEnter": {
      "chains": [
        {
          "chain": "vbEnterActionChain"
        }
      ]
    }
  },
  "imports": {
    "components": {
      "oj-input-text": {
        "path": "ojs/ojinputtext"
      },
      "oj-table": {
        "path": "ojs/ojtable"
      }
   }
  }
}