{
  "title": "main",
  "description": "",
  "variables": {
    "bOListSDP": {
      "type": "vb/ServiceDataProvider",
      "defaultValue": {
        "endpoint": "businessObjects/getall_BO",
        "keyAttributes": "id",
        "itemsPath": "items",
        "responseType": "getallBOResponse"
      }
    },
    "bOListSDP2": {
      "type": "vb/ServiceDataProvider",
      "defaultValue": {
        "endpoint": "businessObjects/getall_BO",
        "keyAttributes": "period",
        "itemsPath": "items",
        "responseType": "getallBOResponse2",
        "transformsContext": {
          "vb-textFilterAttributes": [
            "period"
          ]
        }
      }
    }
  },
  "metadata": {},
  "types": {
    "@decorators.getallBOResponse": {
      "endpoint": "getall_BO",
      "service": "businessObjects",
      "path": "response"
    },
    "@decorators.getallBOResponse2": {
      "endpoint": "getall_BO",
      "service": "businessObjects",
      "path": "response"
    },
    "getallBOResponse": {
      "items": [
        {
          "endTime": "string",
          "id": "number",
          "period": "string",
          "startTime": "string"
        }
      ]
    },
    "getallBOResponse2": {
      "items": [
        {
          "period": "string"
        }
      ]
    }
  },
  "eventListeners": {},
  "imports": {
    "components": {
      "oj-input-text": {
        "path": "ojs/ojinputtext"
      },
      "oj-select-single": {
        "path": "ojs/ojselectsingle"
      },
      "oj-table": {
        "path": "ojs/ojtable"
      }
   }
  }
}