 {
            "lookup_id": 22252,
            "lookup_code": "Ugesh2",
            "lookup_name": "Ugesh3",
            "creation_date": null,
            "created_by": null,
            "last_update_date": null,
            "last_updated_by": null,
            "last_update_login": null,
            "attribute_category": null,
            "attribute1": null,
            "attribute2": null,
            "attribute3": "Y",
            "attribute4": null,
            "attribute5": null,
            "attribute6": null,
            "attribute7": null,
            "attribute8": null,
            "attribute9": null,
            "attribute10": null,
            "attribute11": null,
            "attribute12": null,
            "attribute13": null,
            "attribute14": null,
            "attribute15": null
        }