{
    "fields": [
        {
            "type": "number",
            "name": "id",
            "internal": false,
            "key": true,
            "oid": "d7767352-6d7f-443b-87cd-c0cd7c80f3c8",
            "required": true,
            "unique": true,
            "displayLabel": "Id"
        },
        {
            "type": "datetime",
            "name": "creationDate",
            "internal": false,
            "oid": "75a165be-3552-4e6d-961b-e9386958ae61",
            "displayLabel": "Created",
            "historyType": "timeCreated"
        },
        {
            "type": "datetime",
            "name": "lastUpdateDate",
            "internal": false,
            "oid": "569faaf2-2476-4b81-abd8-d04568a473f0",
            "displayLabel": "Last Updated",
            "historyType": "timeUpdated"
        },
        {
            "type": "string",
            "name": "createdBy",
            "internal": false,
            "oid": "d7c8aad9-f83d-4bd5-903a-6024f8e58a0d",
            "displayLabel": "Created By",
            "historyType": "createdBy"
        },
        {
            "type": "string",
            "name": "lastUpdatedBy",
            "internal": false,
            "oid": "881365ed-6629-4b53-ad14-16a836771d60",
            "displayLabel": "Last Updated By",
            "historyType": "updatedBy"
        },
        {
            "type": "number",
            "name": "versionNumber",
            "internal": false,
            "oid": "056efeca-57c3-4601-a259-717a33b2ef62",
            "displayLabel": "Version Number",
            "historyType": "versionNumber"
        },
        {
            "type": "string",
            "name": "period",
            "oid": "49501288-68e9-49a3-b7ce-32701b21125e",
            "displayLabel": "Period"
        },
        {
            "type": "string",
            "name": "startTime",
            "oid": "642a61ca-725a-4a54-a43a-dc8c6f1282e0",
            "displayLabel": "StartTime"
        },
        {
            "type": "string",
            "name": "endTime",
            "oid": "47b534e2-3a1c-43d8-8b86-773f4d6efbc0",
            "displayLabel": "EndTime"
        }
    ],
    "name": "AdpBO",
    "oid": "af290699-1cc9-4bd0-8e1c-4d2e1b8d1e70",
    "displayLabel": "Adp B O"
}