{
    "fields": [
        {
            "type": "number",
            "name": "id",
            "internal": false,
            "key": true,
            "oid": "5523de5f-8c5f-47bb-a29d-4875872d910d",
            "required": true,
            "unique": true,
            "displayLabel": "Id"
        },
        {
            "type": "datetime",
            "name": "creationDate",
            "internal": false,
            "oid": "1e80b177-6181-4fcb-87f4-4d9fda5124b9",
            "displayLabel": "Created",
            "historyType": "timeCreated"
        },
        {
            "type": "datetime",
            "name": "lastUpdateDate",
            "internal": false,
            "oid": "fd38ac58-30a3-4379-98ce-016db60989cf",
            "displayLabel": "Last Updated",
            "historyType": "timeUpdated"
        },
        {
            "type": "string",
            "name": "createdBy",
            "internal": false,
            "oid": "8dcafae5-e2b3-43db-8678-bb5d9e5f2849",
            "displayLabel": "Created By",
            "historyType": "createdBy"
        },
        {
            "type": "string",
            "name": "lastUpdatedBy",
            "internal": false,
            "oid": "7e2ff3ab-62d8-44d3-ba0b-2cc5f49b43ec",
            "displayLabel": "Last Updated By",
            "historyType": "updatedBy"
        },
        {
            "type": "number",
            "name": "versionNumber",
            "internal": false,
            "oid": "70b42d11-cf99-4b1a-a47f-f5b9b38f9d7a",
            "displayLabel": "Version Number",
            "historyType": "versionNumber"
        },
        {
            "type": "string",
            "name": "classDays",
            "oid": "af0c8422-6030-4e8c-b1b4-cbb7e88ab84f",
            "displayLabel": "Class Days"
        },
        {
            "type": "number",
            "name": "classPeriods",
            "oid": "363f7afb-842d-4280-ab89-928e05be770c",
            "displayLabel": "Class Periods"
        },
        {
            "type": "string",
            "name": "classDuration",
            "oid": "cd95d65b-aae1-4145-ad97-dda89628c2a6",
            "displayLabel": "Class Duration"
        }
    ],
    "name": "ViewBO",
    "oid": "427f9466-0946-4baa-b4be-31d6b623a4a7",
    "displayLabel": "View B O"
}