{
    "fields": [
        {
            "type": "number",
            "name": "id",
            "internal": false,
            "key": true,
            "oid": "9ded3db5-1fe2-4d8d-bde0-2e46d6d7be20",
            "required": true,
            "unique": true,
            "displayLabel": "Id"
        },
        {
            "type": "datetime",
            "name": "creationDate",
            "internal": false,
            "oid": "a707c7b2-1651-4119-80bc-07ab26b36921",
            "displayLabel": "Created",
            "historyType": "timeCreated"
        },
        {
            "type": "datetime",
            "name": "lastUpdateDate",
            "internal": false,
            "oid": "35824591-e89e-43c4-b77b-8ae9290fedb9",
            "displayLabel": "Last Updated",
            "historyType": "timeUpdated"
        },
        {
            "type": "string",
            "name": "createdBy",
            "internal": false,
            "oid": "fa5fb6ad-af5b-4dcc-a4f4-1a53d4ed7575",
            "displayLabel": "Created By",
            "historyType": "createdBy"
        },
        {
            "type": "string",
            "name": "lastUpdatedBy",
            "internal": false,
            "oid": "a8dc1d72-c367-4fe6-b95a-a9890c4f40e9",
            "displayLabel": "Last Updated By",
            "historyType": "updatedBy"
        },
        {
            "type": "number",
            "name": "versionNumber",
            "internal": false,
            "oid": "e19ce911-648f-404a-973e-af105063ccf2",
            "displayLabel": "Version Number",
            "historyType": "versionNumber"
        },
        {
            "type": "string",
            "name": "status",
            "oid": "ee9c7035-08ba-4acc-bee1-d0664779d009",
            "displayLabel": "Status"
        }
    ],
    "name": "Timetable_Status",
    "oid": "0da619ff-a63c-48f5-8fa3-82adf6358ba3",
    "displayLabel": "Timetable_ Status"
}