id,creationDate,lastUpdateDate,createdBy,lastUpdatedBy,period,startTime,finishTime
1,2024-07-24T06:54:20,2024-07-24T06:54:20.008,shaik.latheef@version1.com,shaik.latheef@version1.com,Period 1,09.00,09.40
2,2024-07-24T06:54:35,2024-07-24T06:54:35.005,shaik.latheef@version1.com,shaik.latheef@version1.com,Period 2,09.40,10.20
3,2024-07-24T06:54:46,2024-07-24T06:54:46.005,shaik.latheef@version1.com,shaik.latheef@version1.com,Period 3,10.20,11.00
4,2024-07-24T08:14:58,2024-07-24T08:14:58.011,shaik.latheef@version1.com,shaik.latheef@version1.com,Morning Supervision,,
5,2024-07-24T08:15:08,2024-07-24T08:15:08.004,shaik.latheef@version1.com,shaik.latheef@version1.com,Evening Supervision,,
