{
    "fields": [
        {
            "type": "number",
            "name": "id",
            "internal": false,
            "key": true,
            "oid": "ad643c93-5bd8-41a6-b663-67ce806ae928",
            "required": true,
            "unique": true,
            "displayLabel": "Id"
        },
        {
            "type": "datetime",
            "name": "creationDate",
            "internal": false,
            "oid": "5a390b4b-1fad-44f3-ab1d-514d47f68b9a",
            "displayLabel": "Created",
            "historyType": "timeCreated"
        },
        {
            "type": "datetime",
            "name": "lastUpdateDate",
            "internal": false,
            "oid": "88e8a293-70aa-4031-bbe3-ea1fcb884d48",
            "displayLabel": "Last Updated",
            "historyType": "timeUpdated"
        },
        {
            "type": "string",
            "name": "createdBy",
            "internal": false,
            "oid": "9f0a5618-0c21-4ad6-84bb-414c3fc33405",
            "displayLabel": "Created By",
            "historyType": "createdBy"
        },
        {
            "type": "string",
            "name": "lastUpdatedBy",
            "internal": false,
            "oid": "21c77ed8-379e-41c1-9ba0-dc14e0bfd925",
            "displayLabel": "Last Updated By",
            "historyType": "updatedBy"
        },
{
            "type": "number",
            "name": "versionNumber",
            "internal": false,
            "oid": "04b27133-ae81-43c1-8560-6dd184125652",
            "displayLabel": "Version Number",
            "historyType": "versionNumber"
        },
        {
            "type": "string",
            "name": "period",
            "oid": "ef8459a4-390f-4873-b581-992db9327b02",
            "displayLabel": "Period"
        }        ,
        {
            "type": "string",
            "name": "startTime",
            "oid": "0691841b-0365-47ad-b4cc-c5ec650ecb73",
            "displayLabel": "Start Time"
        }        ,
        {
            "type": "string",
            "name": "finishTime",
            "oid": "2eec4be5-bb6f-461d-a5c1-2d6a9cdaf139",
            "displayLabel": "Finish Time"
        }
    ],
    "name": "Period",
    "oid": "eecee38f-9746-4d90-824b-05deabc4c21b",
    "displayLabel": "Period"
}