{
    "items": [
        {
            "current_status": "ERRORED"
        },
        {
            "current_status": "TRANSFORMED"
        },
        {
            "current_status": "IMPORTING"
        },
        {
            "current_status": "TRANSFORMING"
        }
    ],
    "hasMore": false,
    "limit": 0,
    "offset": 0,
    "count": 4,
    "links": [
        {
            "rel": "self",
            "href": "https://g4ed36b38896702-atpdevdb.adb.uk-london-1.oraclecloudapps.com/ords/erp/gl/statusLov/"
        },
        {
            "rel": "describedby",
            "href": "https://g4ed36b38896702-atpdevdb.adb.uk-london-1.oraclecloudapps.com/ords/erp/metadata-catalog/gl/statusLov/"
        }
    ]
}