{
    "openapi": "3.0.0",
    "info": {
        "title": "Ords",
        "version": "1.0.0"
    },
    "servers": [
        {
            "url": "https://g4ed36b38896702-atpdevdb.adb.uk-london-1.oraclecloudapps.com/ords/erp/gl",
            "description": "Ords"
        }
    ],
    "paths": {
        "/glaudit/": {
            "get": {
                "operationId": "getGlaudit",
                "parameters": [
                    {
                        "name": "p_date_from",
                        "in": "query",
                        "schema": {
                            "type": "string"
                        }
                    },
{
                        "name": "p_date_to",
                        "in": "query",
                        "schema": {
                            "type": "string"
                        }
                    },
                    {
                        "name": "p_current_status",
                        "in": "query",
                        "schema": {
                            "type": "string"
                        }
                    }                    ,
                    {
                        "name": "p_file_name",
                        "in": "query",
                        "schema": {
                            "type": "string"
                        }
                    }
                ],
                "responses": {
                    "default": {
                        "description": "Response for default",
                        "content": {
                            "application/json": {
                                "schema": {
                                    "$ref": "#/components/schemas/GetGlaudit"
                                },
                                "examples": {
                                    "vb": {
                                        "summary": "Example stored by VB User",
                                        "externalValue": "./examples/getGlaudit/response_default_application_json_vb.json"
                                    }
                                }
                            }
                        }
                    }
                },
                "x-vb": {
                    "actionHint": "getMany"
                }
            }
        },
        "/statusLov/": {
            "get": {
                "operationId": "getStatusLov",
                "responses": {
                    "default": {
                        "description": "Response for default",
                        "content": {
                            "application/json": {
                                "schema": {
                                    "$ref": "#/components/schemas/GetStatusLov"
                                },
                                "examples": {
                                    "vb": {
                                        "summary": "Example stored by VB User",
                                        "externalValue": "./examples/getStatusLov/response_default_application_json_vb.json"
                                    }
                                }
                            }
                        }
                    }
                },
                "x-vb": {
                    "actionHint": "getMany"
                }
            }
        },
        "/glaudit/resolution_update": {
            "put": {
                "operationId": "putGlauditResolution_update",
                "parameters": [
                    {
                        "name": "p_resolution",
                        "in": "query",
                        "schema": {
                            "type": "string"
                        }
                    },
                    {
                        "name": "p_last_updated_by",
                        "in": "query",
                        "schema": {
                            "type": "string"
                        }
                    },
                    {
                        "name": "p_audit_id",
                        "in": "query",
                        "schema": {
                            "type": "string"
                        }
                    }
                ],
                "responses": {},
                "x-vb": {
                    "actionHint": "update"
                }
            }
        }
    },
    "components": {
        "schemas": {
            "GetGlaudit": {
                "type": "object",
                "properties": {
                    "items": {
                        "type": "array",
                        "items": {
                            "type": "object",
                            "properties": {
                                "audit_id": {
                                    "type": "integer"
                                },
                                "int_file_movement_id": {
                                    "type": "integer"
                                },
                                "int_scheduler_id": {
                                    "type": "integer"
                                },
                                "file_name": {
                                    "type": "string"
                                },
                                "oci_namespace": {
                                    "type": "string"
                                },
                                "oci_bucket_name": {
                                    "type": "string"
                                },
                                "oci_object_file_path": {
                                    "type": "string"
                                },
                                "glfwk_interface_id": {
                                    "type": "integer"
                                },
                                "int_batch_process_id": {
                                    "nullable": true
                                },
                                "int_gl_import_process_id": {
                                    "nullable": true
                                },
                                "int_callback_id": {
                                    "nullable": true
                                },
                                "group_id": {
                                    "type": "integer"
                                },
                                "f_load_int_id": {
                                    "nullable": true
                                },
                                "f_load_int_status": {
                                    "nullable": true
                                },
                                "f_import_id": {
                                    "nullable": true
                                },
                                "f_import_status": {
                                    "nullable": true
                                },
                                "f_summary": {
                                    "nullable": true
                                },
                                "f_ucm_id": {
                                    "nullable": true
                                },
                                "current_status": {
                                    "type": "string"
                                },
                                "process_complete": {
                                    "nullable": true
                                },
                                "load_flag": {
                                    "type": "string"
                                },
                                "validate_flag": {
                                    "type": "string"
                                },
                                "transform_flag": {
                                    "type": "string"
                                },
                                "ready_for_import_flag": {
                                    "type": "string"
                                },
                                "fusion_import_flag": {
                                    "nullable": true
                                },
                                "callback_flag": {
                                    "nullable": true
                                },
                                "error_code": {

                                    "nullable": true
                                },
                                "error_message": {
                                    "type": "string"
                                },
                                "start_time": {
                                    "type": "string"
                                },
                                "end_time": {
                                    "nullable": true
                                },
                                "creation_date": {
                                    "type": "string"
                                },
                                "last_update_date": {
                                    "type": "string"
                                },
                                "created_by": {
                                    "type": "string"
                                },
                                "last_updated_by": {
                                    "type": "string"
                                },
                                "last_update_login": {
                                    "nullable": true
                                },
                                "attribute1": {
                                    "nullable": true
                                },
                                "attribute2": {
                                    "nullable": true
                                },
                                "attribute3": {
                                    "nullable": true
                                },
                                "attribute4": {
                                    "nullable": true
                                },
                                "attribute5": {
                                    "nullable": true
                                },
                                "attribute6": {
                                    "nullable": true
                                },
                                "attribute7": {
                                    "nullable": true
                                },
                                "attribute8": {
                                    "nullable": true
                                },
                                "attribute9": {
                                    "nullable": true
                                },
                                "attribute10": {
                                    "nullable": true
                                },
                                "attribute_date1": {
                                    "nullable": true
                                },
                                "attribute_date2": {
                                    "nullable": true
                                },
                                "attribute_date3": {
                                    "nullable": true
                                },
                                "attribute_date4": {
                                    "nullable": true
                                },
                                "attribute_date5": {
                                    "nullable": true
                                },
                                "attribute_date6": {
                                    "nullable": true
                                },
                                "attribute_date7": {
                                    "nullable": true
                                },
                                "attribute_date8": {
                                    "nullable": true
                                },
                                "attribute_date9": {
                                    "nullable": true
                                },
                                "attribute_date10": {
                                    "nullable": true
                                },
                                "resolution": {

                                    "nullable": true
                                },
                                "file_total": {
                                    "type": "number"
                                },
                                "ticket_flag": {
                                    "type": "string"
                                }
                            }
                        }
                    },
                    "hasMore": {
                        "type": "boolean"
                    },
                    "limit": {
                        "type": "integer"
                    },
                    "offset": {
                        "type": "integer"
                    },
                    "count": {
                        "type": "integer"
                    },
                    "links": {
                        "type": "array",
                        "items": {
                            "type": "object",
                            "properties": {
                                "rel": {
                                    "type": "string"
                                },
                                "href": {
                                    "type": "string"
                                }
                            }
                        }
                    }
                }
            },
            "GetStatusLov": {
                "type": "object",
                "properties": {
                    "items": {
                        "type": "array",
                        "items": {
                            "type": "object",
                            "properties": {
                                "current_status": {
                                    "type": "string"
                                }
                            }
                        }
                    },
                    "hasMore": {
                        "type": "boolean"
                    },
                    "limit": {
                        "type": "integer"
                    },
                    "offset": {
                        "type": "integer"
                    },
                    "count": {
                        "type": "integer"
                    },
                    "links": {
                        "type": "array",
                        "items": {
                            "type": "object",
                            "properties": {
                                "rel": {
                                    "type": "string"
                                },
                                "href": {
                                    "type": "string"
                                }
                            }
                        }
                    }
                }
            }
        }
    }
}