{

  "title": "",
  "description": "",
  "variables": {
    "fetchedViewBO": {
      "type": "object"
    },
    "selectedTabId": {
      "type": "number",
      "onValueChanged": {
        "chains": [
          {
            "chain": "loadViewBOChain",
            "parameters": {
              "fetchedFields": "[[ $variables.viewBOEditFormRenderedFields ]]",
              "viewBOId": "{{ $variables.selectedTabId }}"
            }
          }
        ]
      }
    },
    "viewBO": {
      "type": "object"
    },
    "viewBOEditFormLoadingStatus": {
      "type": "string",
      "defaultValue": "pending"
    },
    "viewBOEditFormRenderedFields": {
      "type": "any[]",
      "onValueChanged": {
        "chains": [
          {
            "chain": "loadViewBOChain",
            "parameters": {
              "fetchedFields": "[[ $variables.viewBOEditFormRenderedFields ]]",
              "viewBOId": "{{ $variables.selectedTabId }}"
            }
          }
        ]
      }
    },
    "viewBOETag": {
      "type": "string"
    },
    "viewBOListSDP": {
      "type": "vb/ServiceDataProvider",
      "defaultValue": {
        "endpoint": "businessObjects/getall_ViewBO",
        "keyAttributes": "id",
        "itemsPath": "items",
        "responseType": "getallViewBOResponse"
      }
    }
  },
  "metadata": {
    "businessObjectsGetallViewBOMetadata": {
      "type": "vb/DynamicLayoutMetadataProviderDescriptor",
      "defaultValue": {
        "endpoint": "businessObjects/getall_ViewBO",
        "metadataPath": "items"
      }
    },
    "businessObjectsUpdateViewBOMetadata": {
      "type": "vb/DynamicLayoutMetadataProviderDescriptor",
      "defaultValue": {
        "endpoint": "businessObjects/update_ViewBO"
      }
    }
  },
  "types": {
    "@decorators.getallViewBOResponse": {
      "endpoint": "getall_ViewBO",
      "service": "businessObjects",
      "path": "response"
    },
    "getallViewBOResponse": {
      "items": "object[]"
    }
  },
  "chains": {},
  "eventListeners": {
    "saveButtonClicked": {
      "chains": [
        {
          "chain": "saveViewBOChain",
          "parameters": {
            "viewBOId": "{{ $variables.selectedTabId }}"
          }
        }
      ]
    },
    "tableFirstSelectedRow": {
      "chains": [
        {
          "chain": "TableFirstSelectedRowChangeChain",
          "parameters": {
            "rowKey": "{{$event.detail.value.key}}",
            "rowData": "{{$event.detail.value.data}}"
          }
        },
        {
          "chain": "TableFirstSelectedRowChangeChain1",
          "parameters": {
            "rowKey": "{{$event.detail.value.key}}",
            "rowData": "{{$event.detail.value.data}}"
          }
        }
      ]
    }
  },
  "imports": {
    "components": {
      "oj-button": {
        "path": "ojs/ojbutton"
      },
      "oj-dyn-form": {
        "path": "oj-dyn/form/loader"
      },
      "oj-dynamic-table": {
        "path": "oj-dynamic/table/loader"
      },
      "oj-toolbar": {
        "path": "ojs/ojtoolbar"
      },
      "oj-validation-group": {
        "path": "ojs/ojvalidationgroup"
      }
    }
  }
}
