{
  "component-dependencies": {
    "oj-sp": {
      "version": "2404.8.0",
      "components": {
        "messages-banner": "2404.8.0",
        "messages-toast": "2404.8.0",
        "in-app-navigation": "2404.8.0",
        "welcome-page": "2404.8.0",
        "guided-process": "2404.8.0",
        "completion-panel": "2404.8.0",
        "message-unsaved-changes": "2404.8.0",
        "input-rich-text-2": "2404.8.0",
        "scoreboard": "2404.8.0",
        "output-rich-text": "2404.8.0"
      }
    }
  }
 }