{
  "component-dependencies": {
    "oj-sp": {
      "version": "2404.8.0",
      "components": {
        "in-app-navigation": "2404.8.0",
        "welcome-page": "2404.8.0",
        "object-card": "2404.8.0",
        "smart-search-page": "2404.8.0",
        "simple-create-edit": "2404.8.0",
        "message-unsaved-changes": "2404.8.0",
        "dashboard-landing-page": "2404.8.0",
        "scoreboard": "2404.8.0",
        "dashboard-grid": "2404.8.0",
        "dashboard-panel": "2404.8.0",
        "guided-process": "2404.8.0"
      }
    },
    "oj-dynamic": {
      "version": "15.1.10",
      "components": {
        "form": "15.1.10"
      }
    }
  }
 }