{
    "objects": [
        {
            "name": "AusPassport.png"
        },
        {
            "name": "K/ocid1.aidocumentprocessorjob.oc1.eu-frankfurt-1.amaaaaaafgtjjhaaaley24npveengpyta4xrdlalpid3ozckfzekwkzm6hga/"
        },
        {
            "name": "K/ocid1.aidocumentprocessorjob.oc1.eu-frankfurt-1.amaaaaaafgtjjhaaaley24npveengpyta4xrdlalpid3ozckfzekwkzm6hga/_/results/defaultObject.json"
        },
        {
            "name": "K/ocid1.aidocumentprocessorjob.oc1.eu-frankfurt-1.amaaaaaafgtjjhaaia42d6ej3lgupbqffywn5g4dhew7vnuxoqslgcrocpbq/"
        },
        {
            "name": "K/ocid1.aidocumentprocessorjob.oc1.eu-frankfurt-1.amaaaaaafgtjjhaaia42d6ej3lgupbqffywn5g4dhew7vnuxoqslgcrocpbq/_/results/defaultObject.json"
        },
        {
            "name": "K/ocid1.aidocumentprocessorjob.oc1.eu-frankfurt-1.amaaaaaafgtjjhaaqkrb22q7y3ycm52jw3uzk444ybd57ckwtu7jw2r6oieq/"
        },
        {
            "name": "K/ocid1.aidocumentprocessorjob.oc1.eu-frankfurt-1.amaaaaaafgtjjhaaqkrb22q7y3ycm52jw3uzk444ybd57ckwtu7jw2r6oieq/_/results/defaultObject.json"
        },
        {
            "name": "K/ocid1.aidocumentprocessorjob.oc1.eu-frankfurt-1.amaaaaaafgtjjhaavniuxaan5rtqxtz2dkbpgjbeoq4x3njgracfjkxvmliq/"
        },
        {
            "name": "K/ocid1.aidocumentprocessorjob.oc1.eu-frankfurt-1.amaaaaaafgtjjhaavniuxaan5rtqxtz2dkbpgjbeoq4x3njgracfjkxvmliq/_/results/defaultObject.json"
        },
        {
            "name": "Output/ocid1.aidocumentprocessorjob.oc1.eu-frankfurt-1.amaaaaaafgtjjhaa32yirzebrta57hcrjjom6e5qd3e45fsxvkfg4gcytsda/"
        },
        {
            "name": "Output/ocid1.aidocumentprocessorjob.oc1.eu-frankfurt-1.amaaaaaafgtjjhaa3bqcwrwcx26qhp37j7fec35ovlbi3sqzog6uhwhouvmq/"
        },
        {
            "name": "Output/ocid1.aidocumentprocessorjob.oc1.eu-frankfurt-1.amaaaaaafgtjjhaa3lvwfncplmc2xq7txkjvxvumualjg5ntf75jlu4puw3a/"
        },
        {
            "name": "Output/ocid1.aidocumentprocessorjob.oc1.eu-frankfurt-1.amaaaaaafgtjjhaa3qflaiic2jabd5kfvnfozwmuo7pcrf3tyqjqz42ap2la/"
        },
        {
            "name": "Output/ocid1.aidocumentprocessorjob.oc1.eu-frankfurt-1.amaaaaaafgtjjhaa3vqwnpsw5uudbevyusnhdtghuc22hy4r4lx6wetyntya/"
        },
        {
            "name": "Output/ocid1.aidocumentprocessorjob.oc1.eu-frankfurt-1.amaaaaaafgtjjhaa47bopygzlxsuito26q25lmzvm3j4dfx3lucibii54nqq/"
        },
        {
            "name": "Output/ocid1.aidocumentprocessorjob.oc1.eu-frankfurt-1.amaaaaaafgtjjhaa4kk6xvvd3qwogx47as6orftsa3aelyoqpxivqor3edja/"
        },
        {
            "name": "Output/ocid1.aidocumentprocessorjob.oc1.eu-frankfurt-1.amaaaaaafgtjjhaa55awer7o2whnv2qbsiuhvvp4e5mkibwfovake35n5zfa/"
        },
        {
            "name": "Output/ocid1.aidocumentprocessorjob.oc1.eu-frankfurt-1.amaaaaaafgtjjhaa63t4y2gz7rqof2aglkczj26etem6kjc5cvgqmihmtefq/"
        },
        {
            "name": "Output/ocid1.aidocumentprocessorjob.oc1.eu-frankfurt-1.amaaaaaafgtjjhaa6grjxl7hs5g7wwu7x2j2egjsnregpokwkeatjxfho5uq/"
        },
        {
            "name": "Output/ocid1.aidocumentprocessorjob.oc1.eu-frankfurt-1.amaaaaaafgtjjhaa76ns3hgzvaavrbj3vps4ao56wrnlcpxzh2y3xxhjqwzq/"
        },
        {
            "name": "Output/ocid1.aidocumentprocessorjob.oc1.eu-frankfurt-1.amaaaaaafgtjjhaa76rakzwtnw7dgc7azvhiujujbouzvqvvqakux4v3hpya/"
        },
        {
            "name": "Output/ocid1.aidocumentprocessorjob.oc1.eu-frankfurt-1.amaaaaaafgtjjhaa7vpfrw6k5kvrfnapktsouxrvall5srqfaquxa4oxaxka/"
        },
        {
            "name": "Output/ocid1.aidocumentprocessorjob.oc1.eu-frankfurt-1.amaaaaaafgtjjhaaa5s4px35p7oe7n5gaednr2npts564wngeg6zydtsyera/"
        },
        {
            "name": "Output/ocid1.aidocumentprocessorjob.oc1.eu-frankfurt-1.amaaaaaafgtjjhaaapm53gf6lbp65auyimjtryniampspsisrduphkdkwona/"
        },
        {
            "name": "Output/ocid1.aidocumentprocessorjob.oc1.eu-frankfurt-1.amaaaaaafgtjjhaaaskmtbcxkgikoi7rltfxs3watc7vclchdaeekgdrpcja/"
        },
        {
            "name": "Output/ocid1.aidocumentprocessorjob.oc1.eu-frankfurt-1.amaaaaaafgtjjhaaaw3q37sbcw4ely2rhwmvfnptskbkhkbjiyehuo5q6aqa/"
        },
        {
            "name": "Output/ocid1.aidocumentprocessorjob.oc1.eu-frankfurt-1.amaaaaaafgtjjhaabd67aum3xma2jl3762z4vrjpqwozoi2tgrdv3qlj7eqq/"
        },
        {
            "name": "Output/ocid1.aidocumentprocessorjob.oc1.eu-frankfurt-1.amaaaaaafgtjjhaabzjktdb2hfsrgd7el6z6l6fno6g64vvrgtkkgrpjupna/"
        },
        {
            "name": "Output/ocid1.aidocumentprocessorjob.oc1.eu-frankfurt-1.amaaaaaafgtjjhaadcwyro6vbeongjwjwoc2lfh4qugsehqz54mntvfrpziq/"
        },
        {
            "name": "Output/ocid1.aidocumentprocessorjob.oc1.eu-frankfurt-1.amaaaaaafgtjjhaadho4hrzcc5bzvv2gwtfvcvvfw6znoe6ur45smd7c2vxq/"
        },
        {
            "name": "Output/ocid1.aidocumentprocessorjob.oc1.eu-frankfurt-1.amaaaaaafgtjjhaaeiyjf7mblfgpq4c7b4aqfyhsgluk3lzc7pep5lkb6s5a/"
        },
        {
            "name": "Output/ocid1.aidocumentprocessorjob.oc1.eu-frankfurt-1.amaaaaaafgtjjhaaejbqii3rxsmqzxzwpetowcinxnvm4w3hllyiuuieb72q/"
        },
        {
            "name": "Output/ocid1.aidocumentprocessorjob.oc1.eu-frankfurt-1.amaaaaaafgtjjhaafml3bvjtls7b73cby34nhtathgcdbmxsarivqh3ygatq/"
        },
        {
            "name": "Output/ocid1.aidocumentprocessorjob.oc1.eu-frankfurt-1.amaaaaaafgtjjhaagk4hffkh5m4kut5i4ssfwtijf5fiom5y43edywtig5wa/"
        },
        {
            "name": "Output/ocid1.aidocumentprocessorjob.oc1.eu-frankfurt-1.amaaaaaafgtjjhaahjkxotdrox6cuvwrumaalynwytnxl76iqbazcm6sxqcq/"
        },
        {
            "name": "Output/ocid1.aidocumentprocessorjob.oc1.eu-frankfurt-1.amaaaaaafgtjjhaam2rg3iumemvg4x5as6jum2i5qvyiogvfm5esxydoiv2q/"
        },
        {
            "name": "Output/ocid1.aidocumentprocessorjob.oc1.eu-frankfurt-1.amaaaaaafgtjjhaam5dm5tgwfihyhimofd466lyg52y5ktxl3gefzqmthzpq/"
        },
        {
            "name": "Output/ocid1.aidocumentprocessorjob.oc1.eu-frankfurt-1.amaaaaaafgtjjhaamx5n7ax7jn6vkwnmzlrb4k72pyqjtmpbuw3u7fdg2sva/"
        },
        {
            "name": "Output/ocid1.aidocumentprocessorjob.oc1.eu-frankfurt-1.amaaaaaafgtjjhaanop2t6mim2nnmfxxql75nivvzyqfj46ph7twfu6br3ma/"
        },
        {
            "name": "Output/ocid1.aidocumentprocessorjob.oc1.eu-frankfurt-1.amaaaaaafgtjjhaanpkwlx77j5xwcfoc7a654ot5m2z7rzqm54wkjyen7waq/"
        },
        {
            "name": "Output/ocid1.aidocumentprocessorjob.oc1.eu-frankfurt-1.amaaaaaafgtjjhaapbr4pq6as53ppvxcremiakyyqeplia7t3edfhbsgflsq/"
        },
        {
            "name": "Output/ocid1.aidocumentprocessorjob.oc1.eu-frankfurt-1.amaaaaaafgtjjhaarrvsvqc2ekcrhm2pxpc4uzzwk3hvzinftiocsqvynd7a/"
        },
        {
            "name": "Output/ocid1.aidocumentprocessorjob.oc1.eu-frankfurt-1.amaaaaaafgtjjhaasxn4cinp4mk3hs7i6nr5eo6znywdg7auid6fzp6upxha/"
        },
        {
            "name": "Output/ocid1.aidocumentprocessorjob.oc1.eu-frankfurt-1.amaaaaaafgtjjhaatdxl7lr2oks2b22pxayqs34ylq6thbgh32orz7vha2ia/"
        },
        {
            "name": "Output/ocid1.aidocumentprocessorjob.oc1.eu-frankfurt-1.amaaaaaafgtjjhaath6bgurzbruduxoesqeyq7tmvsao74s4wm4llhibyvka/"
        },
        {
            "name": "Output/ocid1.aidocumentprocessorjob.oc1.eu-frankfurt-1.amaaaaaafgtjjhaav7o2fbirivmobveiwqfw6rjok2rnsxpezqgyg7s3bghq/"
        },
        {
            "name": "Output/ocid1.aidocumentprocessorjob.oc1.eu-frankfurt-1.amaaaaaafgtjjhaaw7lfsuaskktyu35ptrrlusycgqtcokm56z6hwkjrdaqa/"
        },
        {
            "name": "Output/ocid1.aidocumentprocessorjob.oc1.eu-frankfurt-1.amaaaaaafgtjjhaawc4pzs4w2fijk3qvnfcckek3cwpdab43wxvaf3zfmzxq/"
        },
        {
            "name": "Output/ocid1.aidocumentprocessorjob.oc1.eu-frankfurt-1.amaaaaaafgtjjhaaxh5e4puwxfbrgddgbegnoydm4bf3xvd2wzkw6tn4dmpa/"
        },
        {
            "name": "Output/ocid1.aidocumentprocessorjob.oc1.eu-frankfurt-1.amaaaaaafgtjjhaaymuci2wcq7nwtzhbuxk6xqb5qcq3es6sfnnrepkbjoya/"
        },
        {
            "name": "Output/ocid1.aidocumentprocessorjob.oc1.eu-frankfurt-1.amaaaaaafgtjjhaayz5aige24x7xif3cxyip73trpmczd4ensjnxxm5anqpq/"
        },
        {
            "name": "Output/ocid1.aidocumentprocessorjob.oc1.eu-frankfurt-1.amaaaaaafgtjjhaazdwswggwh4lu27eihvs3xagl44ua5vy7fhykd533uaiq/"
        },
        {
            "name": "Output/ocid1.aidocumentprocessorjob.oc1.eu-frankfurt-1.amaaaaaafgtjjhaaztduwpodial4sidy6tduzjicez5y2432v3xpxpiicjzq/"
        },
        {
            "name": "PDF_JPA_SUPPLIER.pdf"
        },
        {
            "name": "TEST/ocid1.aidocumentprocessorjob.oc1.eu-frankfurt-1.amaaaaaafgtjjhaaqzvhwilt5asgissbm6bqdndd7qoxgo2wgnyno6h7gusa/"
        },
        {
            "name": "TEST/ocid1.aidocumentprocessorjob.oc1.eu-frankfurt-1.amaaaaaafgtjjhaaqzvhwilt5asgissbm6bqdndd7qoxgo2wgnyno6h7gusa/_/results/defaultObject.json"
        },
        {
            "name": "TEST/ocid1.aidocumentprocessorjob.oc1.eu-frankfurt-1.amaaaaaafgtjjhaaqzvhwilt5asgissbm6bqdndd7qoxgo2wgnyno6h7gusa/_/searchablePdf/defaultObject.pdf"
        },
        {
            "name": "delivery-note-template-us-enterprise-purple-750px.png"
        },
        {
            "name": "l/ocid1.aidocumentprocessorjob.oc1.eu-frankfurt-1.amaaaaaafgtjjhaa7ne5c6puowugpwvhyfszyhbbgpwazjcglb27b45tkd2a/"
        },
        {
            "name": "l/ocid1.aidocumentprocessorjob.oc1.eu-frankfurt-1.amaaaaaafgtjjhaa7ne5c6puowugpwvhyfszyhbbgpwazjcglb27b45tkd2a/_/results/defaultObject.json"
        },
        {
            "name": "l/ocid1.aidocumentprocessorjob.oc1.eu-frankfurt-1.amaaaaaafgtjjhaa7wdgghdzrysszfqu2cyeqe5mcv3orysezl223penmroa/"
        },
        {
            "name": "l/ocid1.aidocumentprocessorjob.oc1.eu-frankfurt-1.amaaaaaafgtjjhaaeq3iciwcdicvnbddsyjavptlbzgzgkyx7t63szmidepa/"
        },
        {
            "name": "l/ocid1.aidocumentprocessorjob.oc1.eu-frankfurt-1.amaaaaaafgtjjhaaeq3iciwcdicvnbddsyjavptlbzgzgkyx7t63szmidepa/_/results/defaultObject.json"
        },
        {
            "name": "l/ocid1.aidocumentprocessorjob.oc1.eu-frankfurt-1.amaaaaaafgtjjhaaeqtqg3j3ukivalpkv6mba4txy3nlwxrkvi6afcluvjga/"
        },
        {
            "name": "l/ocid1.aidocumentprocessorjob.oc1.eu-frankfurt-1.amaaaaaafgtjjhaahtdmstjx7zyy6sofcaxhynnl3pbr462ighpfi7u277iq/"
        },
        {
            "name": "l/ocid1.aidocumentprocessorjob.oc1.eu-frankfurt-1.amaaaaaafgtjjhaahtdmstjx7zyy6sofcaxhynnl3pbr462ighpfi7u277iq/_/results/defaultObject.json"
        },
        {
            "name": "l/ocid1.aidocumentprocessorjob.oc1.eu-frankfurt-1.amaaaaaafgtjjhaalcsr2ppnuemvgxkwjs5t5x3rp54lcypsxoatzm6bdtba/"
        },
        {
            "name": "l/ocid1.aidocumentprocessorjob.oc1.eu-frankfurt-1.amaaaaaafgtjjhaalcsr2ppnuemvgxkwjs5t5x3rp54lcypsxoatzm6bdtba/_/results/defaultObject.json"
        },
        {
            "name": "l/ocid1.aidocumentprocessorjob.oc1.eu-frankfurt-1.amaaaaaafgtjjhaanvqisqqplq2jz3zib6h3apfqximgfyyo2rx6xbejybza/"
        },
        {
            "name": "l/ocid1.aidocumentprocessorjob.oc1.eu-frankfurt-1.amaaaaaafgtjjhaar7vgytdi7orzpvtp5etxnehq47n3xqvy2iih53pyqijq/"
        },
        {
            "name": "l/ocid1.aidocumentprocessorjob.oc1.eu-frankfurt-1.amaaaaaafgtjjhaau6n6ydxsc6gkwnv53w6i5uguqvakm6sf5cd6f2rn2ayq/"
        },
        {
            "name": "l/ocid1.aidocumentprocessorjob.oc1.eu-frankfurt-1.amaaaaaafgtjjhaau6n6ydxsc6gkwnv53w6i5uguqvakm6sf5cd6f2rn2ayq/_/results/defaultObject.json"
        },
        {
            "name": "l/ocid1.aidocumentprocessorjob.oc1.eu-frankfurt-1.amaaaaaafgtjjhaavhotylckxbbc2zvgbqqvpuljgidadpfy55rpy5u5nxyq/"
        },
        {
            "name": "l/ocid1.aidocumentprocessorjob.oc1.eu-frankfurt-1.amaaaaaafgtjjhaavhotylckxbbc2zvgbqqvpuljgidadpfy55rpy5u5nxyq/_/results/defaultObject.json"
        },
        {
            "name": "l/ocid1.aidocumentprocessorjob.oc1.eu-frankfurt-1.amaaaaaafgtjjhaaysk6mdb53i4fb36szh4pxauiisndlvxlrc6ctw34rh5a/"
        },
        {
            "name": "l/ocid1.aidocumentprocessorjob.oc1.eu-frankfurt-1.amaaaaaafgtjjhaaysk6mdb53i4fb36szh4pxauiisndlvxlrc6ctw34rh5a/_/results/defaultObject.json"
        },
        {
            "name": "l/ocid1.aidocumentprocessorjob.oc1.eu-frankfurt-1.amaaaaaafgtjjhaazzgrmeaghigqibsiwnucb66j7yjh77qdddfbivqxkdmq/"
        },
        {
            "name": "receipt.png"
        }
    ]
}