{
  "title": "",
  "description": "",
  "variables": {
    "backgroundColor": {
      "type": "string",
      "defaultValue": "dark-ocean"
    },
    "bucketName": {
      "type": "string",
      "defaultValue": "ent_apps_ai_services"
    },
    "compartmentId": {
      "type": "string",
      "defaultValue": "ocid1.compartment.oc1..aaaaaaaau56dm4tjjwngj72j7rekhptjdlq6iyighaiddgo3vp7rcqfzvrbq"
    },
    "extractFileName": {
      "type": "string"
    },
    "holdImage": {
      "type": "any"
    },
    "illustrationBackground": {
      "type": "string",
      "defaultValue": "https://static.oracle.com/cdn/fnd/gallery/2307.0.2/images/illust-welcome-banner-bg-01.png"
    },
    "illustrationForeground": {
      "type": "string",
      "defaultValue": "https://static.oracle.com/cdn/fnd/gallery/2307.0.2/images/illust-welcome-banner-fg-01.png"
    },
    "imageStretch": {
      "type": "string",
      "defaultValue": "none"
    },
    "imageURL": {
      "type": "string"
    },
    "mobileImage": {
      "type": "string",
      "defaultValue": "on"
    },
    "namespaceName": {
      "type": "string",
      "defaultValue": "v1erp"
    },
    "progressBarVariable": {
      "type": "boolean"
    },
    "progressNameVariable": {
      "type": "string"
    },
    "progressTableVariable": {
      "type": "boolean"
    }
  },
  "metadata": {},
  "types": {},
  "eventListeners": {
    "cameraFilePickerSelect": {
      "chains": [
        {
          "chain": "CameraFilePickerSelectChain",
          "parameters": {
            "files": "[[ Array.prototype.slice.call($event.detail.files) ]]"
          }
        }
      ]
    }
  },
  "imports": {
    "components": {
      "oj-button": {
        "path": "ojs/ojbutton"
      },
      "oj-file-picker": {
        "path": "ojs/ojfilepicker"
      },
      "oj-progress-bar": {
        "path": "ojs/ojprogress-bar"
      },
      "oj-sp-welcome-page": {
        "path": "oj-sp/welcome-page/loader"
      }

    }
  }
}
