{
  "layoutTypes": {
    "businessObjects": {
      "kind": "operationRef",
      "serviceId": "businessObjects",
      "operations": [
        "create_Expenses"
      ]
    }
  },
  "layouts": {
    "isDefault": {
      "description": "Default Rule",
      "type": "businessObjects",
      "expression": "default"
    },
    "addForm": {
      "type": "businessObjects",
      "layoutType": "form",
      "label": "Add Form",
      "rules": [
        "isDefault"
      ],
      "layouts": {
        "default": {
          "layoutType": "form",
          "layout": {
            "displayProperties": [
              "merchantName",
              "description",
              "amount",
              "date1"
            ]
          }
        }
      }
    }
  }
}