{
  "title": "main start",
  "description": "",
  "variables": {
    "blankPeriodRowData": {
      "type": "getPeriodType"
    },
    "currentPeriodRowData": {
      "type": "getPeriodType"
    },
    "periodADP": {
      "type": "vb/ArrayDataProvider2",
      "defaultValue": {
        "itemType": "getPeriodType",
        "keyAttributes": "id"
      }
    },
    "periodListSDP": {
      "type": "vb/ServiceDataProvider",
      "defaultValue": {
        "endpoint": "businessObjects/getall_PeriodLOV",
        "responseType": "getall_PeriodLOV",
        "itemsPath": "items",
        "transformsContext": {
          "vb-textFilterAttributes": [
            "period"
          ]
        },
        "keyAttributes": "period"
      }
    }
  },
  "metadata": {},
  "types": {
    "@decorators.getall_PeriodLOV": {
      "endpoint": "getall_PeriodLOV",
      "service": "businessObjects",
      "path": "response"
    },
    "@decorators.getPeriodType": {
      "endpoint": "get_Period",
      "service": "businessObjects",
      "path": "response"
    },
    "getall_PeriodLOV": {
      "items": [
        {
          "period": "string"
        }
      ]
    },
    "getPeriodType": {
      "endTime": "string",
      "id": "number",
      "isNew": "string",
      "period": "string",
      "startTime": "string"
    }

  },
  "eventListeners": {
    "buttonAction": {
      "chains": [
        {
          "chain": "SaveActionChain"
        }
      ]
    },
    "buttonAction2": {
      "chains": [
        {
          "chain": "AddActionChain"
        }
      ]
    },
    "tableBeforeRowEdit": {
      "chains": [
        {
          "chain": "TableBeforeRowEditChain",
          "parameters": {
            "rowKey": "{{$event.detail.rowContext.status.rowKey}}",
            "rowIndex": "{{$event.detail.rowContext.status.rowIndex}}",
            "rowData": "{{$event.detail.rowContext.componentElement.getDataForVisibleRow($event.detail.rowContext.status.rowIndex).data}}"
          }
        }
      ]
    },
    "tableBeforeRowEditEnd": {
      "chains": [
        {
          "chain": "TableBeforeRowEditEndChain",
          "parameters": {
            "cancelEdit": "{{$event.detail.cancelEdit}}",
            "rowKey": "{{$event.detail.rowContext.status.rowKey}}",
            "rowIndex": "{{$event.detail.rowContext.status.rowIndex}}",
            "rowData": "{{$event.detail.rowContext.componentElement.getDataForVisibleRow($event.detail.rowContext.status.rowIndex).data}}"
          }
        }
      ]
    },
    "vbEnter": {
      "chains": [
        {
          "chain": "vbEnterActionChain"
        }
      ]
    }
  },
  "imports": {
    "components": {
      "oj-button": {
        "path": "ojs/ojbutton"
      },
      "oj-input-text": {
        "path": "ojs/ojinputtext"
      },
      "oj-select-single": {
        "path": "ojs/ojselectsingle"
      },
      "oj-table": {
        "path": "ojs/ojtable"
      }

   }
  }
}