{
  "title": "",
  "description": "",
  "variables": {
    "viewTimeTableListSDP": {
      "type": "vb/ServiceDataProvider",
      "defaultValue": {
        "endpoint": "businessObjects/getall_ViewTimeTable",
        "keyAttributes": "id",
        "itemsPath": "items",
        "responseType": "getallViewTimeTableResponse2"
      }
    }
  },
  "metadata": {},
  "types": {
    "@decorators.getallViewTimeTableResponse": {
      "endpoint": "getall_ViewTimeTable",
      "service": "businessObjects",
      "path": "response"
    },
    "@decorators.getallViewTimeTableResponse2": {
      "endpoint": "getall_ViewTimeTable",
      "service": "businessObjects",
      "path": "response"
    },
    "action": {
      "id": "string",
      "label": "string",
      "display": "string",
      "icon": "string"
    },
    "getallViewTimeTableResponse": {
      "items": [
        {
          "id": "number",
          "morningSupervision": "string",
          "period1": "string",
          "period2": "string",
          "period3": "string"
        }
      ]
    },
    "getallViewTimeTableResponse2": {
      "items": [
        {
          "finishTimeHHMM": "string",
          "id": "number",
          "period": "string",
          "startTimeHHMM": "string"
        }
      ]
    }
  },
  "eventListeners": {
    "ojGop1SpInFlowBack": {
      "chains": [
        {
          "chain": "GeneralOverviewPageTemplateSpInFlowBackChain"
        }
      ]
    }
  },
  "imports": {
    "components": {
      "oj-button": {
        "path": "ojs/ojbutton"
      },
      "oj-sp-general-overview-page": {
        "path": "oj-sp/general-overview-page/loader"
      },
      "oj-table": {
        "path": "ojs/ojtable"
      },
      "oj-toolbar": {
        "path": "ojs/ojtoolbar"
      }

    }
  },
  "@dt": {
    "iconClass": "vbdt-dynamic-icon-70-icoOverviewPageTemplateSvg"
  }
}
