{
  "title": "",
  "description": "",
  "variables": {
    "Status_Var": {
      "type": "string",
      "defaultValue": "Active"
    },
    "statusListListSDP": {
      "type": "vb/ServiceDataProvider",
      "defaultValue": {
        "endpoint": "businessObjects/getall_StatusList",
        "keyAttributes": "status",
        "itemsPath": "items",
        "responseType": "getallStatusListResponse",
        "transformsContext": {
          "vb-textFilterAttributes": [
            "status"
          ]
        }
      }
    },
    "test": {
      "type": "vb/ArrayDataProvider2",
      "defaultValue": {
        "itemType": "getall_TimetableSearch"
      }
    },
    "test_copy": {
      "type": "vb/ServiceDataProvider",
      "defaultValue": {
        "endpoint": "businessObjects/getall_TimetableSearch",
        "responseType": "getall_TimetableSearch1",
        "itemsPath": "items",
        "filterCriterion": {
          "op": "$eq",
          "attribute": "status",
          "value": "{{ $variables.Status_Var }}"
        }
      }
    }
  },
  "metadata": {},
  "types": {
    "@decorators.getall_TimetableSearch": {
      "endpoint": "getall_TimetableSearch",
      "service": "businessObjects",
      "path": "response-_-items[0]"
    },
    "@decorators.getall_TimetableSearch1": {
      "endpoint": "getall_TimetableSearch",
      "service": "businessObjects",
      "path": "response"
    },
    "@decorators.getallStatusListResponse": {
      "endpoint": "getall_StatusList",
      "service": "businessObjects",
      "path": "response"
    },
    "action": {
      "id": "string",
      "label": "string",
      "display": "string",
      "icon": "string"
    },
    "getall_TimetableSearch": {
      "status": "string",
      "statusDate": "string",
      "timetableEndDate": "string",
      "timetableID": "number",
      "timetableName": "string",
      "timetableStartDate": "string"
    },
    "getall_TimetableSearch1": {
      "items": [
        {
          "status": "string",
          "statusDate": "string",
          "timetableEndDate": "string",
          "timetableName": "string"
        }
      ]
    },
    "getallStatusListResponse": {
      "items": [
        {
          "status": "string"
        }
      ]
    }

  },
  "eventListeners": {
    "buttonAction": {
      "chains": [
        {
          "chain": "ButtonActionChain"
        }
      ]
    },
    "buttonAction2": {
      "chains": [
        {
          "chain": "ButtonActionChain1"
        }
      ]
    },
    "buttonAction3": {
      "chains": [
        {
          "chain": "ButtonActionChain2"
        }
      ]
    },
    "hyperlinkClick": {
      "chains": [
        {
          "chain": "HyperlinkClickChain",
          "parameters": {
            "key": "{{ $current.key }}",
            "index": "{{ $current.index }}",
            "current": "{{ $current }}"
          }
        }
      ]
    }
  },
  "imports": {
    "components": {
      "oj-button": {
        "path": "ojs/ojbutton"
      },
      "oj-collapsible": {
        "path": "ojs/ojcollapsible"
      },
      "oj-form-layout": {
        "path": "ojs/ojformlayout"
      },
      "oj-input-date": {
        "path": "ojs/ojdatetimepicker"
      },
      "oj-select-single": {
        "path": "ojs/ojselectsingle"
      },
      "oj-sp-general-overview-page": {
        "path": "oj-sp/general-overview-page/loader"
      },
      "oj-table": {
        "path": "ojs/ojtable"
      },
      "oj-toolbar": {
        "path": "ojs/ojtoolbar"
      },
      "oj-validation-group": {
        "path": "ojs/ojvalidationgroup"
      }
    },
    "modules": {
      "ojValidationDateTime": {
        "path": "ojs/ojvalidation-datetime"
      }
    }
  }
}
