{
  "title": "",
  "description": "",
  "variables": {
    "createTTSearchListChainInProgress": {
      "type": "boolean",
      "defaultValue": false
    },
    "tTSearchList": {
      "type": "createTTSearchListRequest",
      "onValueChanged": {
        "chains": [
          {
            "chain": "loadTTSearchListChain",
            "parameters": {
              "tTSearchListId": "{{ $variables.tTSearchList.timetableId }}"
            }
          }
        ]
      }
    },
    "tTSearchList2": {
      "type": "getTTSearchListResponse"
    }
  },
  "metadata": {},
  "types": {
    "@decorators.createTTSearchListRequest": {
      "endpoint": "create_TT_SearchList",
      "service": "businessObjects",
      "path": "request"
    },
    "@decorators.getTTSearchListResponse": {
      "endpoint": "get_TT_SearchList",
      "service": "businessObjects",
      "path": "response"
    },
    "action": {
      "id": "string",
      "label": "string",
      "display": "string",
      "icon": "string"
    },
    "createTTSearchListRequest": {
      "statusDate": "string",
      "timetableId": "string",
      "tTEndDate": "string",
      "tTName": "string",
      "tTStartDate": "string"
    },
    "getTTSearchListResponse": {
      "statusDate": "string",
      "timetableId": "string",
      "tTName": "string"
    }
  },
  "eventListeners": {
    "buttonAction": {
      "chains": [
        {
          "chain": "ButtonActionChain"
        }
      ]
    },
    "ojGop1SpInFlowBack2": {
      "chains": [
        {
          "chain": "GeneralOverviewPageTemplateSpInFlowBackChain"
        }
      ]
    },
    "vbEnter": {
      "chains": [
        {
          "chain": "loadTTSearchListChain",
          "parameters": {
            "tTSearchListId": "{{ $variables.tTSearchList.timetableId }}"
          }
        }
      ]
    }

  },
  "imports": {
    "components": {
      "oj-button": {
        "path": "ojs/ojbutton"
      },
      "oj-checkboxset": {
        "path": "ojs/ojcheckboxset"
      },
      "oj-form-layout": {
        "path": "ojs/ojformlayout"
      },
      "oj-input-date": {
        "path": "ojs/ojdatetimepicker"
      },
      "oj-input-text": {
        "path": "ojs/ojinputtext"
      },
      "oj-option": {
        "path": "ojs/ojoption"
      },
      "oj-radioset": {
        "path": "ojs/ojradioset"
      },
      "oj-sp-general-overview-page": {
        "path": "oj-sp/general-overview-page/loader"
      },
      "oj-toolbar": {
        "path": "ojs/ojtoolbar"
      }

    },
    "modules": {
      "ojValidationDateTime": {
        "path": "ojs/ojvalidation-datetime"
      }
    }
  },
  "@dt": {
    "iconClass": "vbdt-dynamic-icon-71-icoOverviewPageTemplateSvg"
  }
}
