{
  "title": "",
  "description": "",
  "variables": {
    "avatar": {
      "type": {
        "initials": "string",
        "src": "string"
      },
      "defaultValue": {
        "initials": "",
        "src": ""
      }
    },
    "contextualInfoLabelVisible": {
      "type": "boolean",
      "defaultValue": false
    },
    "contextualInfoSticky": {
      "type": "boolean",
      "defaultValue": false
    },
    "createExpensesChainInProgress": {
      "type": "boolean",
      "defaultValue": false
    },
    "dirtyDataFlag": {
      "type": "boolean",
      "defaultValue": false
    },
    "displayMode": {
      "type": "string",
      "defaultValue": "mixed"
    },
    "expenses": {
      "type": "object"
    },
    "formState": {
      "type": "string",
      "defaultValue": ""
    },
    "goToParentOption": {
      "type": "boolean",
      "defaultValue": true
    },
    "isSaved": {
      "type": "boolean",
      "defaultValue": false
    },
    "objectId": {
      "type": "string",
      "defaultValue": ""
    },
    "primaryAlwaysOn": {
      "type": "boolean",
      "defaultValue": true
    },
    "saveOption": {
      "type": "string",
      "defaultValue": "off"
    }
  },
  "metadata": {
    "businessObjectsCreateExpensesMetadata": {
      "type": "vb/DynamicLayoutMetadataProviderDescriptor",
      "defaultValue": {
        "endpoint": "businessObjects/create_Expenses"
      }
    }
  },
  "types": {},
  "eventListeners": {
    "confirmNoOjAction": {
      "chains": [
        {
          "chainId": "dialogResponseChain",
          "parameters": {
            "detail": "{{ $event.detail }}",
            "response": "NO"
          }
        }
      ]
    },
    "confirmYesOjAction": {
      "chains": [
        {
          "chainId": "dialogResponseChain",
          "parameters": {
            "detail": "{{ $event.detail }}",
            "response": "YES"
          }
        }
      ]
    },
    "ojdynamicFormTransientValueChangeChain": {
      "chains": [
        {
          "chainId": "dynamicFormTransientValueChangeChain",
          "parameters": {
            "detail": "{{ $event.detail}}"
          }
        }
      ]
    },
    "ojSpCancel": {
      "chains": [
        {
          "chainId": "spCancelChain",
          "parameters": {
            "detail": "{{ $event.detail }}"
          }
        }
      ]
    },
    "ojSpGoToParent": {
      "chains": [
        {
          "chainId": "goToParent",
          "parameters": {}
        }
      ]
    },
    "ojSpSave": {
      "chains": [
        {
          "chainId": "spSaveChain"
        }
      ]
    },
    "ojSpSubmit": {
      "chains": [
        {
          "chainId": "spSubmitChain",
          "parameters": {
            "detail": "{{ $event.detail }}"
          }
        }
      ]
    },
    "saveButtonClicked": {
      "chains": [
        {
          "chain": "createExpensesChain"
        }
      ]
    },
    "vbBeforeExit": {
      "chains": [
        {
          "chainId": "checkBeforeExit",
          "parameters": {}
        }
      ]
    }
  },
  "imports": {
    "components": {
      "oj-button": {
        "path": "ojs/ojbutton"
      },
      "oj-dynamic-form": {
        "path": "oj-dynamic/form/loader"
      },
      "oj-sp-message-unsaved-changes": {
        "path": "oj-sp/message-unsaved-changes/loader"
      },
      "oj-sp-simple-create-edit": {
        "path": "oj-sp/simple-create-edit/loader"
      },
      "oj-toolbar": {
        "path": "ojs/ojtoolbar"
      },
      "oj-validation-group": {
        "path": "ojs/ojvalidationgroup"
      }
    }
  },
  "@dt": {
    "iconClass": "vbdt-dynamic-icon-70-icoSimpleCreateAndEdit48Svg"
  }
}
