{
  "title": "",
  "description": "",
  "variables": {
    "backgroundColor": {
      "type": "string",
      "defaultValue": "dark-ocean"
    },
    "expensesListSDP": {
      "type": "vb/ServiceDataProvider",
      "defaultValue": {
        "endpoint": "businessObjects/getall_Expenses",
        "keyAttributes": "id",
        "itemsPath": "items",
        "responseType": "getallExpensesResponse"
      }
    },
    "illustrationBackground": {
      "type": "string",
      "defaultValue": "https://static.oracle.com/cdn/fnd/gallery/2307.0.2/images/illust-welcome-banner-bg-01.png"
    },
    "illustrationForeground": {
      "type": "string",
      "defaultValue": "https://static.oracle.com/cdn/fnd/gallery/2307.0.2/images/illust-welcome-banner-fg-01.png"
    },
    "imageStretch": {
      "type": "string",
      "defaultValue": "none"
    },
    "mobileImage": {
      "type": "string",
      "defaultValue": "on"
    }
  },
  "metadata": {},
  "types": {
    "@decorators.getallExpensesResponse": {
      "endpoint": "getall_Expenses",
      "service": "businessObjects",
      "path": "response"
    },
    "getallExpensesResponse": {
      "items": [
        {
          "amount": "number",
          "date1": "string",
          "description": "string",
          "id": "number",
          "merchantName": "string"
        }
      ]
    }
  },
  "eventListeners": {
    "collectionContainerSpAdd": {
      "chains": [
        {
          "chain": "CollectionContainerSpAddChain"
        }
      ]
    }
  },
  "imports": {
    "components": {
      "oj-sp-collection-container": {
        "path": "oj-sp/collection-container/loader"
      },
      "oj-sp-welcome-page": {
        "path": "oj-sp/welcome-page/loader"
      },
      "oj-table": {
        "path": "ojs/ojtable"
      }
    }
  }
}
