{
    "items": [
        {
            "lookup_id": 54,
            "value": "GATEWAY",
            "meaning": "GATEWAY",
            "description": "00000",
            "tag": null,
            "enabled_flag": "Y",
            "start_date_active": "2021-01-28",
            "end_date_active": null,
            "creation_date": null,
            "created_by": null,
            "last_update_date": null,
            "last_updated_by": null,
            "last_update_login": null,
            "attribute_category": null,
            "attribute1": "XXNCP_GLINT_ADVAM_CHGS_ANALYS",
            "attribute2": null,
            "attribute3": null,
            "attribute4": null,
            "attribute5": null,
            "attribute6": null,
            "attribute7": null,
            "attribute8": null,
            "attribute9": null,
            "attribute10": null,
            "attribute11": null,
            "attribute12": null,
            "attribute13": null,
            "attribute14": null,
            "attribute15": null
        },
        {
            "lookup_id": 56,
            "value": "PRE-BOOK",
            "meaning": "PRE-BOOK",
            "description": "PREBK",
            "tag": null,
            "enabled_flag": "Y",
            "start_date_active": "2021-01-28",
            "end_date_active": null,
            "creation_date": null,
            "created_by": null,
            "last_update_date": null,
            "last_updated_by": null,
            "last_update_login": null,
            "attribute_category": null,
            "attribute1": "XXNCP_GLINT_ADVAM_CHGS_ANALYS",
            "attribute2": null,
            "attribute3": null,
            "attribute4": null,
            "attribute5": null,
            "attribute6": null,
            "attribute7": null,
            "attribute8": null,
            "attribute9": null,
            "attribute10": null,
            "attribute11": null,
            "attribute12": null,
            "attribute13": null,
            "attribute14": null,
            "attribute15": null
        },
        {
            "lookup_id": 57,
            "value": "SEASON TICKETS",
            "meaning": "SEASON TICKETS",
            "description": "00000",
            "tag": null,
            "enabled_flag": "Y",
            "start_date_active": "2021-01-28",
            "end_date_active": null,
            "creation_date": null,
            "created_by": null,
            "last_update_date": null,
            "last_updated_by": null,
            "last_update_login": null,
            "attribute_category": null,
            "attribute1": "XXNCP_GLINT_ADVAM_CHGS_ANALYS",
            "attribute2": null,
            "attribute3": null,
            "attribute4": null,
            "attribute5": null,
            "attribute6": null,
            "attribute7": null,
            "attribute8": null,
            "attribute9": null,
            "attribute10": null,
            "attribute11": null,
            "attribute12": null,
            "attribute13": null,
            "attribute14": null,
            "attribute15": null
        },
        {
            "lookup_id": 58,
            "value": "STANDARD",
            "meaning": "STANDARD",
            "description": "00000",
            "tag": null,
            "enabled_flag": "Y",
            "start_date_active": "2021-01-28",
            "end_date_active": null,
            "creation_date": null,
            "created_by": null,
            "last_update_date": null,
            "last_updated_by": null,
            "last_update_login": null,
            "attribute_category": null,
            "attribute1": "XXNCP_GLINT_ADVAM_CHGS_ANALYS",
            "attribute2": null,
            "attribute3": null,
            "attribute4": null,
            "attribute5": null,
            "attribute6": null,
            "attribute7": null,
            "attribute8": null,
            "attribute9": null,
            "attribute10": null,
            "attribute11": null,
            "attribute12": null,
            "attribute13": null,
            "attribute14": null,
            "attribute15": null
        },
        {
            "lookup_id": 55,
            "value": "PARKPASS",
            "meaning": "PARKPASS",
            "description": "00000",
            "tag": null,
            "enabled_flag": "Y",
            "start_date_active": "2021-01-28",
            "end_date_active": null,
            "creation_date": null,
            "created_by": null,
            "last_update_date": null,
            "last_updated_by": null,
            "last_update_login": null,
            "attribute_category": null,
            "attribute1": "XXNCP_GLINT_ADVAM_CHGS_ANALYS",
            "attribute2": null,
            "attribute3": null,
            "attribute4": null,
            "attribute5": null,
            "attribute6": null,
            "attribute7": null,
            "attribute8": null,
            "attribute9": null,
            "attribute10": null,
            "attribute11": null,
            "attribute12": null,
            "attribute13": null,
            "attribute14": null,
            "attribute15": null
        }
    ],
    "hasMore": false,
    "limit": 0,
    "offset": 0,
    "count": 5,
    "links": [
        {
            "rel": "self",
            "href": "https://g4ed36b38896702-atpdevdb.adb.uk-london-1.oraclecloudapps.com/ords/erp/common/lookup/details/?p_lookup_id=XXNCP_GLINT_ADVAM_CHGS_ANALYS"
        },
        {
            "rel": "edit",
            "href": "https://g4ed36b38896702-atpdevdb.adb.uk-london-1.oraclecloudapps.com/ords/erp/common/lookup/details/?p_lookup_id=XXNCP_GLINT_ADVAM_CHGS_ANALYS"
        },
        {
            "rel": "describedby",
            "href": "https://g4ed36b38896702-atpdevdb.adb.uk-london-1.oraclecloudapps.com/ords/erp/metadata-catalog/common/lookup/details/"
        }
    ]
}