{
  "description": "",
  "root": "assignVariablesBlankRecord",
  "actions": {
    "assignVariablesBlankRecord": {
      "module": "vb/action/builtin/assignVariablesAction",
      "parameters": {
        "$variables.blankRecord": {
          "source": {
            "entity_id": "{{ $functions.getNextId() }}"
          },
          "reset": "none",
          "auto": "always"
        }
      },
      "outcomes": {
        "success": "fireDataProviderEventDataSyncEntitiesADP"
      }
    },
    "fireDataProviderEventDataSyncEntitiesADP": {
      "module": "vb/action/builtin/fireDataProviderEventAction",
      "parameters": {
        "target": "[[ $page.variables.dataSyncEntities_ADP ]]",
        "add": {
          "data": "{{ [$variables.blankRecord] }}",
          "keys": "{{ [$variables.blankRecord.entity_id] }}"
        }
      },
      "outcomes": {
        "success": "assignVariablesRowStatus"
      }
    },
    "assignVariablesRowStatus": {
      "module": "vb/action/builtin/assignVariablesAction",
      "parameters": {
        "$page.variables.rowStatus[$variables.blankRecord.entity_id]": {
          "source": "inserted"
        }
      },
      "outcomes": {
        "success": "assignVariablesEditRow"
      }
    },
    "assignVariablesEditRow": {
      "module": "vb/action/builtin/assignVariablesAction",
      "parameters": {
        "$page.variables.editRow": {
          "source": "{{ {rowKey: $variables.blankRecord.entity_id} }}"
        },
        "$page.variables.scrollPosition": {
          "source": "{{ {rowKey: $variables.blankRecord.entity_id} }}"
        },
        "$page.variables.varDissableAddBtn": {
          "source": true
        }
      }
    }
  },
  "variables": {
    "blankRecord": {
      "type": "getDatasyncEntities"
    }
  }
}