{
  "description": "",
  "root": "fireDataProviderEventDataSyncEntitiesADP",
  "actions": {
    "fireDataProviderEventDataSyncEntitiesADP": {
      "module": "vb/action/builtin/fireDataProviderEventAction",
      "parameters": {
        "target": "[[ $page.variables.dataSyncEntities_ADP ]]",
        "remove": {
          "keys": "{{ [$variables.key] }}"
        }
      },
      "outcomes": {
        "success": "if"
      }
    },
    "if": {
      "module": "vb/action/builtin/ifAction",
      "parameters": {
        "condition": "[[ $page.variables.rowStatus[$variables.key] === 'inserted' ]]"
      },
      "outcomes": {
        "true": "assignVariablesRowStatus2",
        "false": "assignVariablesRowStatus"
      }
    },
    "assignVariablesRowStatus": {
      "module": "vb/action/builtin/assignVariablesAction",
      "parameters": {
        "$page.variables.rowStatus[$variables.key]": {
          "source": "deleted"
        }
      },
      "outcomes": {
        "success": "assignVariablesVarDissableAddBtn"
      }
    },
    "assignVariablesRowStatus2": {
      "module": "vb/action/builtin/assignVariablesAction",
      "parameters": {
        "$page.variables.rowStatus[$variables.key]": {
          "source": "{{ undefined }}"
        }
      },
      "outcomes": {
        "success": "assignVariablesVarDissableAddBtn"
      }
    },
    "assignVariablesVarDissableAddBtn": {
      "module": "vb/action/builtin/assignVariablesAction",
      "parameters": {
        "$page.variables.varDissableAddBtn": {
          "source": false
        }
      }
    }
  },
  "variables": {
    "key": {
      "required": true,
      "type": "any",
      "input": "fromCaller"
    },
    "index": {
      "required": true,
      "type": "number",
      "input": "fromCaller"
    },
    "current": {
      "required": true,
      "type": "any",
      "input": "fromCaller"
    }
  }
}