{
  "description": "",
  "root": "assignVariablesVarButtonMode",
  "actions": {
    "assignVariablesVarButtonMode": {
      "module": "vb/action/builtin/assignVariablesAction",
      "parameters": {
        "$page.variables.varButtonMode": {
          "source": "home"
        }
      },
      "outcomes": {
        "success": "ifRowStatus"
      }
    },
    "ifRowStatus": {
      "module": "vb/action/builtin/ifAction",
      "parameters": {
        "condition": "[[ JSON.stringify($page.variables.rowStatus) === '{}' ]]"
      },
      "outcomes": {
        "true": "navigateToMainMainStart",
        "false": "callComponentUnsavedDataDialogOpen"
      }
    },
    "navigateToMainMainStart": {
      "module": "vb/action/builtin/navigateAction",
      "@dt": {
        "targetType": "flow"
      },
      "parameters": {
        "target": "parent",
        "flow": "main",
        "page": "main-start"
      }
    },
    "callComponentUnsavedDataDialogOpen": {
      "module": "vb/action/builtin/callComponentMethodAction",
      "parameters": {
        "component": "{{ document.getElementById('unsaved-data-dialog') }}",
        "method": "open"
      }
    }
  },
  "variables": {}
}