{
  "description": "",
  "root": "callComponentOjDialogLoadingOpen",
  "actions": {
    "callComponentOjDialogLoadingOpen": {
      "module": "vb/action/builtin/callComponentMethodAction",
      "parameters": {
        "component": "{{ document.getElementById('oj-dialog-Loading') }}",
        "method": "open"
      },
      "outcomes": {
        "success": "resetVariablesStatus"
      }
    },
    "resetVariablesStatus": {
      "module": "vb/action/builtin/resetVariablesAction",
      "parameters": {
        "variables": [
          "$variables.status"
        ]
      },
      "outcomes": {
        "success": "callFunctionCreateBatchPayload"
      }
    },
    "callFunctionCreateBatchPayload": {
      "module": "vb/action/builtin/callModuleFunctionAction",
      "parameters": {
        "module": "[[ $functions ]]",
        "functionName": "createBatchPayload",
        "returnType": "any[]",
        "params": [
          "{{ $page.variables.dataSyncEntities_ADP.data }}",
          "{{ $page.variables.rowStatus }}",
          "999"
        ]
      },
      "outcomes": {
        "success": "forEach"
      }
    },
    "forEach": {
      "module": "vb/action/builtin/forEachAction",
      "parameters": {
        "items": "{{ $chain.results.callFunctionCreateBatchPayload }}",
        "actionId": "callRestPostDatasyncEntities"
      },
      "outcomes": {
        "success": "ifStatus"
      }
    },
    "ifStatus": {
      "module": "vb/action/builtin/ifAction",
      "parameters": {
        "condition": "[[ $variables.status == 'error' ]]"
      },
      "outcomes": {
        "true": "callComponentOjDialogLoadingClose",
        "false": "fireNotification"
      }
    },
    "callComponentOjDialogLoadingClose": {
      "module": "vb/action/builtin/callComponentMethodAction",
      "parameters": {
        "component": "{{ document.getElementById('oj-dialog-Loading') }}",
        "method": "close"
      }
    },
    "resetVariablesRowStatus": {
      "module": "vb/action/builtin/resetVariablesAction",
      "parameters": {
        "variables": [
          "$page.variables.rowStatus"
        ]
      },
      "outcomes": {
        "success": "callChainOnPageLoad"
      }
    },
    "fireNotification": {
      "module": "vb/action/builtin/fireNotificationEventAction",
      "parameters": {
        "target": "leaf",
        "type": "confirmation",
        "summary": "Changes were Successfully Saved!",
        "displayMode": "transient"
      },
      "outcomes": {
        "success": "resetVariablesRowStatus"
      }
    },
    "callChainOnPageLoad": {
      "module": "vb/action/builtin/callChainAction",
      "parameters": {
        "id": "onPageLoad"
      },
      "outcomes": {
        "success": "callComponentOjDialogLoadingClose"
      }
    },
    "callRestPostDatasyncEntities": {
      "module": "vb/action/builtin/restAction",
      "parameters": {
        "endpoint": "ATS_ORDS/postDatasyncEntities",
        "body": "{{ $current.data }}"
      },
      "outcomes": {
        "failure": "assignVariablesStatus",
        "success": "if"
      }
    },
    "assignVariablesStatus": {
      "module": "vb/action/builtin/assignVariablesAction",
      "parameters": {
        "$variables.status": {
          "source": "error"
        }
      },
      "outcomes": {
        "success": "callComponentOjDialogLoadingClose2"
      }
    },
    "callComponentOjDialogLoadingClose2": {
      "module": "vb/action/builtin/callComponentMethodAction",
      "parameters": {
        "component": "{{ document.getElementById('oj-dialog-Loading') }}",
        "method": "close"
      },
      "outcomes": {
        "success": "fireNotification3"
      }
    },
    "fireNotification3": {
      "module": "vb/action/builtin/fireNotificationEventAction",
      "parameters": {
        "target": "leaf",
        "summary": "[[ \"Report Name is - \"+$current.data.report_name ]]",
        "type": "error",
        "displayMode": "persist",
        "message": "[[ $chain.results.callRestPostDatasyncEntities.body[\"o:errorCode\"]+\" - \"+$chain.results.callRestPostDatasyncEntities.body.cause ]]"
      }
    },
    "if": {
      "module": "vb/action/builtin/ifAction",
      "parameters": {
        "condition": "[[ $chain.results.callRestPostDatasyncEntities.body.Status == '200' ]]"
      },
      "outcomes": {
        "false": "assignVariablesStatus3"
      }
    },
    "assignVariablesStatus3": {
      "module": "vb/action/builtin/assignVariablesAction",
      "parameters": {
        "$variables.status": {
          "source": "error"
        }
      },
      "outcomes": {
        "success": "fireNotification4"
      }
    },
    "fireNotification4": {
      "module": "vb/action/builtin/fireNotificationEventAction",
      "parameters": {
        "target": "leaf",
        "summary": "[[ \"Report Name is - \"+$current.data.report_name ]]",
        "message": "[[ $chain.results.callRestPostDatasyncEntities.body.Results ]]"
      }
    }
  },
  "variables": {
    "status": {
      "type": "string"
    }
  }
}