{
  "description": "",
  "root": "assignVariablesVarButtonMode",
  "actions": {
    "ifRowStatus": {
      "module": "vb/action/builtin/ifAction",
      "parameters": {
        "condition": "[[ JSON.stringify($page.variables.rowStatus) === '{}' ]]"
      },
      "outcomes": {
        "true": "if",
        "false": "callComponentUnsavedDataDialogOpen"
      }
    },
    "if": {
      "module": "vb/action/builtin/ifAction",
      "parameters": {
        "condition": "[[ $application.functions.isFormValid('adhocForm') ]]"
      },
      "outcomes": {
        "true": "callComponentOjDialogLoadingOpen"
      }
    },
    "assignVariablesVarButtonMode": {
      "module": "vb/action/builtin/assignVariablesAction",
      "parameters": {
        "$page.variables.varButtonMode": {
          "source": "submit"
        }
      },
      "outcomes": {
        "success": "ifRowStatus"
      }
    },
    "callComponentUnsavedDataDialogOpen": {
      "module": "vb/action/builtin/callComponentMethodAction",
      "parameters": {
        "component": "{{ document.getElementById('unsaved-data-dialog') }}",
        "method": "open"
      }
    },
    "fireNotification": {
      "module": "vb/action/builtin/fireNotificationEventAction",
      "parameters": {
        "target": "leaf",
        "summary": "[[ $chain.results.callRestRunDataSync.message.summary ]]",
        "type": "error",
        "displayMode": "persist"
      },
      "outcomes": {
        "success": "callComponentOjDialogLoadingClose"
      }
    },
    "callRestRunDataSync": {
      "module": "vb/action/builtin/restAction",
      "parameters": {
        "endpoint": "oICService/runDataSync",
        "body": "{{ $page.variables.varAdhocRun }}"
      },
      "outcomes": {
        "failure": "fireNotification",
        "success": "if3"
      }
    },
    "fireNotification2": {
      "module": "vb/action/builtin/fireNotificationEventAction",
      "parameters": {
        "target": "leaf",
        "summary": "[[ $chain.results.createHistory.message.summary ]]",
        "type": "error",
        "displayMode": "persist"
      },
      "outcomes": {
        "success": "callComponentOjDialogLoadingClose2"
      }
    },
    "createHistory": {
      "module": "vb/action/builtin/restAction",
      "parameters": {
        "endpoint": "ATS_ORDS/createRunHistory",
        "body": "{{ $page.variables.createHistoryVar }}"
      },
      "outcomes": {
        "failure": "fireNotification2",
        "success": "callComponentOjDialogLoadingClose3"
      }
    },
    "readyHistoryVar": {
      "module": "vb/action/builtin/assignVariablesAction",
      "parameters": {
        "$page.variables.createHistoryVar": {
          "source": {
            "instance_id": "{{ $chain.results.callRestRunDataSync.body.TrackingId }}",
            "run_status": "{{ $chain.results.callRestRunDataSync.body.Status }}",
            "error_message": "{{ $chain.results.callRestRunDataSync.body.Message }}",
            "last_update_date": "{{ $page.variables.varAdhocRun.lastUpdatedDate }}",
            "adhoc_runflag": "\"Y\""
          },
          "reset": "none",
          "auto": "always"
        }
      },
      "outcomes": {
        "success": "createHistory"
      }
    },
    "if3": {
      "module": "vb/action/builtin/ifAction",
      "parameters": {
        "condition": "[[ $chain.results.callRestRunDataSync.body.Status == 'E' ]]"
      },
      "outcomes": {
        "true": "fireNotification4",
        "false": "fireNotification5"
      }
    },
    "fireNotification4": {
      "module": "vb/action/builtin/fireNotificationEventAction",
      "parameters": {
        "target": "leaf",
        "summary": "[[ \"Tracking Id is - \"+$chain.results.callRestRunDataSync.body.TrackingId ]]",
        "message": "[[ $chain.results.callRestRunDataSync.body.Message ]]"
      },
      "outcomes": {
        "success": "readyHistoryVar"
      }
    },
    "fireNotification5": {
      "module": "vb/action/builtin/fireNotificationEventAction",
      "parameters": {
        "target": "leaf",
        "summary": "Successfully Completed!",
        "displayMode": "transient",
        "type": "confirmation"
      },
      "outcomes": {
        "success": "readyHistoryVar"
      }
    },
    "callComponentOjDialogLoadingOpen": {
      "module": "vb/action/builtin/callComponentMethodAction",
      "parameters": {
        "component": "{{ document.getElementById('oj-dialog-Loading') }}",
        "method": "open"
      },
      "outcomes": {
        "success": "callRestRunDataSync"
      }
    },
    "callComponentOjDialogLoadingClose": {
      "module": "vb/action/builtin/callComponentMethodAction",
      "parameters": {
        "component": "{{ document.getElementById('oj-dialog-Loading') }}",
        "method": "close"
      }
    },
    "callComponentOjDialogLoadingClose2": {
      "module": "vb/action/builtin/callComponentMethodAction",
      "parameters": {
        "component": "{{ document.getElementById('oj-dialog-Loading') }}",
        "method": "close"
      }
    },
    "callComponentOjDialogLoadingClose3": {
      "module": "vb/action/builtin/callComponentMethodAction",
      "parameters": {
        "component": "{{ document.getElementById('oj-dialog-Loading') }}",
        "method": "close"
      }
    }
  },
  "variables": {}
}