{
  "description": "",
  "root": "if",
  "actions": {
    "if": {
      "module": "vb/action/builtin/ifAction",
      "parameters": {
        "condition": "[[ $page.variables.disableRowEditExit || !$functions.isFormValid($variables.event.detail, $variables.event) || $variables.cancelEdit ]]"
      },
      "outcomes": {
        "false": "callFunctionPrintlog12"
      }
    },
    "if4": {
      "module": "vb/action/builtin/ifAction",
      "parameters": {
        "condition": "[[ $functions.areDifferent($variables.rowData, $variables.originalRowData) ]]"
      },
      "outcomes": {
        "true": "fireDataProviderEventDataSyncEntitiesADP",
        "false": "assignVariablesVarDissableAddBtn"
      }
    },
    "fireDataProviderEventDataSyncEntitiesADP": {
      "module": "vb/action/builtin/fireDataProviderEventAction",
      "parameters": {
        "target": "[[ $page.variables.dataSyncEntities_ADP ]]",
        "update": {
          "data": "{{ [$variables.rowData] }}",
          "keys": "{{ [$variables.rowData.entity_id] }}"
        }
      },
      "outcomes": {
        "success": "callFunctionPrintlog1"
      }
    },
    "if2": {
      "module": "vb/action/builtin/ifAction",
      "parameters": {
        "condition": "[[ $page.variables.rowStatus[$variables.rowKey] === undefined ]]"
      },
      "outcomes": {
        "true": "assignVariablesRowStatus",
        "false": "assignVariablesVarDissableAddBtn"
      }
    },
    "assignVariablesRowStatus": {
      "module": "vb/action/builtin/assignVariablesAction",
      "parameters": {
        "$page.variables.rowStatus[$variables.rowKey]": {
          "source": "modified"
        }
      },
      "outcomes": {
        "success": "assignVariablesVarDissableAddBtn"
      }
    },
    "assignVariablesVarDissableAddBtn": {
      "module": "vb/action/builtin/assignVariablesAction",
      "parameters": {
        "$page.variables.varDissableAddBtn": {
          "source": false
        }
      }
    },
    "callFunctionPrintlog1": {
      "module": "vb/action/builtin/callModuleFunctionAction",
      "parameters": {
        "module": "[[ $application.functions ]]",
        "functionName": "printlog1",
        "params": [
          "ADP",
          "{{ $page.variables.dataSyncEntities_ADP.data }}"
        ]
      },
      "outcomes": {
        "success": "if2"
      }
    },
    "callFunctionPrintlog12": {
      "module": "vb/action/builtin/callModuleFunctionAction",
      "parameters": {
        "module": "[[ $application.functions ]]",
        "functionName": "printlog1",
        "params": [
          "row data",
          "{{ $variables.rowData }}"
        ]
      },
      "outcomes": {
        "success": "if4"
      }
    }
  },
  "variables": {
    "cancelEdit": {
      "required": true,
      "type": "any",
      "input": "fromCaller"
    },
    "event": {
      "type": "any",
      "required": true,
      "input": "fromCaller"
    },
    "originalRowData": {
      "type": "getDatasyncEntities",
      "required": true,
      "input": "fromCaller"
    },
    "rowKey": {
      "required": true,
      "type": "any",
      "input": "fromCaller"
    },
    "rowIndex": {
      "required": true,
      "type": "number",
      "input": "fromCaller"
    },
    "rowData": {
      "type": "getDatasyncEntities",
      "required": true,
      "input": "fromCaller"
    }
  }
}