{
  "title": "",
  "description": "",
  "variables": {
    "backgroundColor": {
      "type": "string",
      "defaultValue": "dark-ocean"
    },
    "illustrationBackground": {
      "type": "string",
      "defaultValue": "https://static.oracle.com/cdn/fnd/gallery/2307.0.2/images/illust-welcome-banner-bg-01.png"
    },
    "illustrationForeground": {
      "type": "string",
      "defaultValue": "https://static.oracle.com/cdn/fnd/gallery/2307.0.2/images/illust-welcome-banner-fg-01.png"
    },
    "imageStretch": {
      "type": "string",
      "defaultValue": "none"
    },
    "mobileImage": {
      "type": "string",
      "defaultValue": "on"
    },
    "timetableSearchListSDP": {
      "type": "vb/ServiceDataProvider",
      "defaultValue": {
        "endpoint": "businessObjects/getall_TimetableSearch",
        "keyAttributes": "timetableID",
        "itemsPath": "items",
        "responseType": "getallTimetableSearchResponse"
      }
    }
  },
  "metadata": {},
  "types": {
    "@decorators.getallTimetableSearchResponse": {
      "endpoint": "getall_TimetableSearch",
      "service": "businessObjects",
      "path": "response"
    },
    "getallTimetableSearchResponse": {
      "items": [
        {
          "status": "string",
          "statusDate": "string",
          "timetableEndDate": "string",
          "timetableID": "number",
          "timetableName": "string",
          "timetableStartDate": "string"
        }
      ]
    }
  },
  "eventListeners": {},
  "imports": {
    "components": {
      "oj-button": {
        "path": "ojs/ojbutton"
      },
      "oj-collapsible": {
        "path": "ojs/ojcollapsible"
      },
      "oj-form-layout": {
        "path": "ojs/ojformlayout"
      },
      "oj-input-date": {
        "path": "ojs/ojdatetimepicker"
      },
      "oj-select-single": {
        "path": "ojs/ojselectsingle"
      },
      "oj-sp-welcome-page": {
        "path": "oj-sp/welcome-page/loader"
      },
      "oj-table": {
        "path": "ojs/ojtable"
      },
      "oj-toolbar": {
        "path": "ojs/ojtoolbar"
      },
      "oj-validation-group": {
        "path": "ojs/ojvalidationgroup"
      }

    },
    "modules": {
      "ojValidationDateTime": {
        "path": "ojs/ojvalidation-datetime"
      }
    }
  }
}
