{
  "title": "",
  "description": "",
  "variables": {
    "backgroundColor": {
      "type": "string",
      "defaultValue": "dark-ocean"
    },
    "illustrationBackground": {
      "type": "string",
      "defaultValue": "https://static.oracle.com/cdn/fnd/gallery/2307.0.2/images/illust-welcome-banner-bg-01.png"
    },
    "illustrationForeground": {
      "type": "string",
      "defaultValue": "https://static.oracle.com/cdn/fnd/gallery/2307.0.2/images/illust-welcome-banner-fg-01.png"
    },
    "imageStretch": {
      "type": "string",
      "defaultValue": "none"
    },
    "mobileImage": {
      "type": "string",
      "defaultValue": "on"
    }
  },
  "metadata": {},
  "types": {},
  "eventListeners": {},
  "imports": {
    "components": {
      "oj-input-search": {
        "path": "ojs/ojinputsearch"
      },
      "oj-sp-welcome-page": {
        "path": "oj-sp/welcome-page/loader"
      }

    }
  }
}
