{
    "openapi": "3.0.0",
    "info": {
        "version": "v01",
        "title": "VBCS_DOCUMENT_UNDERSTAND",
        "x-vb": {
            "serviceType": "ics"
        }
    },
    "servers": [
        {
            "url": "vb-catalog://backends/ics/ic/api/integration/v1/flows/rest"
        }
    ],
    "paths": {
        "/VBCS_DOCUMENT_UNDERSTAND/1.0/du": {
            "get": {
                "tags": [
                    "EntAppAI/VBCS_DOCUMENT_UNDERSTAND|01.00.0000",
                    "EntAppAI"
                ],
                "operationId": "getVBCS_DOCUMENT_UNDERSTAND1_0Du",
                "parameters": [
                    {
                        "name": "filename",
                        "in": "query",
                        "required": false,
                        "schema": {
                            "type": "string"
                        }
                    },
                    {
                        "name": "Display",
                        "in": "query",
                        "required": false,
                        "schema": {
                            "type": "string"
                        }
                    }
                ],
                "responses": {
                    "500": {
                        "description": "Faults",
                        "content": {
                            "application/json": {
                                "schema": {
                                    "$ref": "#/components/schemas/APIInvocationError"
                                }
                            }
                        }
                    },
                    "default": {
                        "description": "A sample description of the Response",
                        "content": {
                            "application/json": {
                                "schema": {
                                    "$ref": "#/components/schemas/response-wrapper"
                                }
                            }
                        }
                    }
                },
                "security": [
                    {
                        "oauth2Authentication": []
                    },
                    {
                        "basicAuthentication": []
                    }
                ]
            }
        }
    },
    "components": {
        "schemas": {
            "APIInvocationError": {
                "type": "object",
                "required": [
                    "detail",
                    "errorCode",
                    "errorDetails",
                    "title",
                    "type"
                ],
                "properties": {
                    "type": {
                        "type": "string"
                    },
                    "title": {
                        "type": "string"
                    },
                    "detail": {
                        "type": "string"
                    },
                    "errorCode": {
                        "type": "string"
                    },
                    "errorDetails": {
                        "type": "array",
                        "items": {
                            "type": "object",
                            "properties": {
                                "type": {
                                    "type": "string"
                                },
                                "instance": {
                                    "type": "string"
                                },
                                "title": {
                                    "type": "string"
                                },
                                "errorPath": {
                                    "type": "string"
                                },
                                "errorCode": {
                                    "type": "string"
                                }
                            },
                            "required": [
                                "errorCode",
                                "errorPath",
                                "instance",
                                "title",
                                "type"
                            ]
                        },
                        "minItems": 1
                    }
                }
            },
            "response-wrapper": {
                "type": "object",
                "required": [
                    "SelectSQLOutputCollection"
                ],
                "properties": {
                    "SelectSQLOutputCollection": {
                        "type": "object",
                        "properties": {
                            "SelectSQLOutput": {
                                "type": "array",
                                "items": {
                                    "type": "object",
                                    "properties": {
                                        "DOCUMENT_TYPE": {
                                            "type": "string"
                                        },
                                        "INVOICE_NUMBER": {
                                            "type": "string"
                                        },
                                        "INVOICE_DATE": {
                                            "type": "string"
                                        },
                                        "VENDOR_NAME": {
                                            "type": "string"
                                        },
                                        "VENDOR_ADDRESS": {
                                            "type": "string"
                                        },
                                        "INVOICE_TOTAL": {
                                            "type": "string"
                                        },
                                        "FIRST_NAME": {
                                            "type": "string"
                                        },
                                        "LAST_NAME": {
                                            "type": "string"
                                        },
                                        "GENDER": {
                                            "type": "string"
                                        },
                                        "PASSPORT_NO": {
                                            "type": "string"
                                        },
                                        "Country": {
                                            "type": "string"
                                        },
                                        "Nationality": {
                                            "type": "string"
                                        },
                                        "BirthDate": {
                                            "type": "string"
                                        },
                                        "ExpiryDate": {
                                            "type": "string"
                                        },
                                        "MERCHANT_NAME": {
                                            "type": "string"
                                        },
                                        "MERCHANT_ADDRESS": {
                                            "type": "string"
                                        },
                                        "TOTAL": {
                                            "type": "string"
                                        },
                                        "PHONE_NUMBER": {
                                            "type": "string"
                                        },
                                        "SUB_TOTAL": {
                                            "type": "string"
                                        },
                                        "TRANSACTION_DATE": {
                                            "type": "string"
                                        },
                                        "TRANSACTION_TIME": {
                                            "type": "string"
                                        },
                                        "TAX": {
                                            "type": "string"
                                        },
                                        "ITEMQUANTITY": {
                                            "type": "string"
                                        },
                                        "ITEMNAME": {
                                            "type": "string"
                                        },
                                        "ITEMTOTALPRICE": {
                                            "type": "string"
                                        },
                                        "ITEMLINENUMBER": {
                                            "type": "string"
                                        }
                                    },
                                    "required": [
                                        "BirthDate",
                                        "Country",
                                        "DOCUMENT_TYPE",
                                        "ExpiryDate",
                                        "FIRST_NAME",
                                        "GENDER",
                                        "INVOICE_DATE",
                                        "INVOICE_NUMBER",
                                        "INVOICE_TOTAL",
                                        "ITEMLINENUMBER",
                                        "ITEMNAME",
                                        "ITEMQUANTITY",
                                        "ITEMTOTALPRICE",
                                        "LAST_NAME",
                                        "MERCHANT_ADDRESS",
                                        "MERCHANT_NAME",
                                        "Nationality",
                                        "PASSPORT_NO"                                        ,
                                        "PHONE_NUMBER"                                        ,
                                        "SUB_TOTAL"                                        ,
                                        "TAX"                                        ,
                                        "TOTAL"                                        ,
                                        "TRANSACTION_DATE"                                        ,
                                        "TRANSACTION_TIME"                                        ,
                                        "VENDOR_ADDRESS"                                        ,
                                        "VENDOR_NAME"
                                    ]
                                },
                                "minItems": 1
                            }
                        }
                    }
                }
            }
        }
    }
}