{
  "title": "",
  "description": "",
  "variables": {
    "createHistoryVar": {
      "type": "createRunHistoryTyp"
    },
    "currentRowBuffer": {
      "type": "getDatasyncEntities"
    },
    "dataSyncEntities_ADP": {
      "type": "vb/ArrayDataProvider2",
      "defaultValue": {
        "itemType": "getDatasyncEntities",
        "keyAttributes": "entity_id"
      }
    },
    "disableRowEditExit": {
      "type": "boolean"
    },
    "editRow": {
      "type": "any"
    },
    "rowStatus": {
      "type": "object"
    },
    "runHistoryVarSDP": {
      "type": "vb/ServiceDataProvider",
      "defaultValue": {
        "endpoint": "ATS_ORDS/getDatasyncRunhistory",
        "responseType": "getDatasyncRunhistory",
        "itemsPath": "items"
      }
    },
    "scrollPosition": {
      "type": "any"
    },
    "varAdhocRun": {
      "type": {
        "lastUpdatedDate": "any",
        "reportCode": "string",
        "reportPath": "string"
      }
    },
    "varButtonMode": {
      "type": "string"
    },
    "varDissableAddBtn": {
      "type": "boolean"
    }

  },
  "metadata": {},
  "types": {
    "@decorators.createRunHistoryTyp": {
      "endpoint": "createRunHistory",
      "service": "ATS_ORDS",
      "path": "request"
    },
    "@decorators.getAtsinqupdLovXxtmp": {
      "endpoint": "getAtsinqupdLovXxtmp",
      "service": "ATS_ORDS",
      "path": "response"
    },
    "@decorators.getDatasyncEntities": {
      "endpoint": "getDatasyncEntities",
      "service": "ATS_ORDS",
      "path": "response-_-items[0]"
    },
    "@decorators.getDatasyncRunhistory": {
      "endpoint": "getDatasyncRunhistory",
      "service": "ATS_ORDS",
      "path": "response"
    },
    "@decorators.postDatasyncEntities": {
      "endpoint": "postDatasyncEntities",
      "service": "ATS_ORDS",
      "path": "request"
    },
    "createRunHistoryTyp": {
      "adhoc_runflag": "string",
      "created_by": "number",
      "creation_date": "string",
      "entity_id": "number",
      "error_message": "string",
      "id": "number",
      "instance_id": "number",
      "last_success_run_datetime": "string",
      "last_update_date": "string",
      "last_updated_by": "number",
      "next_run_datetime": "string",
      "run_status": "string",
      "schedule_id": "number"
    },
    "getAtsinqupdLovXxtmp": {
      "items": [
        {
          "msg": "string"
        }
      ]
    },
    "getDatasyncEntities": {
      "created_by": "any",
      "creation_date": "any",
      "entity_id": "number",
      "entity_name": "string",
      "last_update_date": "any",
      "last_updated_by": "any",
      "report_name": "string",
      "report_path": "string"
    },
    "getDatasyncRunhistory": {
      "count": "number",
      "hasMore": "boolean",
      "items": [
        {
          "adhoc_runflag": "string",
          "created_by": "number",
          "creation_date": "string",
          "entity_id": "number",
          "error_message": "string",
          "id": "number",
          "instance_id": "number",
          "last_success_run_datetime": "string",
          "last_update_date": "string",
          "last_updated_by": "number",
          "next_run_datetime": "string",
          "run_status": "string",
          "schedule_id": "number"
        }
      ],
      "limit": "number",
      "links": [
        {
          "href": "string",
          "rel": "string"
        }
      ],
      "offset": "number"
    },
    "postDatasyncEntities": {
      "created_by": "any",
      "creation_date": "any",
      "entity_id": "number",
      "entity_name": "string",
      "last_update_date": "any",
      "last_updated_by": "any",
      "report_name": "string",
      "report_path": "string"
    }

  },
  "eventListeners": {
    "noButtonOjAction": {
      "chains": [
        {
          "chainId": "No_ButtonActionChain"
        }
      ]
    },
    "ojButtonOjAction": {
      "chains": [
        {
          "chainId": "Clear_ButtonActionChain"
        }
      ]
    },
    "ojButtonOjAction2": {
      "chains": [
        {
          "chainId": "addRow_ButtonActionChain"
        }
      ]
    },
    "ojButtonOjAction3": {
      "chains": [
        {
          "chainId": "Delete_ButtonActionChain",
          "parameters": {
            "key": "{{ $current.key }}",
            "index": "{{ $current.index }}",
            "current": "{{ $current }}"
          }
        }
      ]
    },
    "ojButtonOjAction4": {
      "chains": [
        {
          "chainId": "Home_ButtonActionChain"
        }
      ]
    },
    "ojButtonOjAction5": {
      "chains": [
        {
          "chainId": "Submit_ButtonActionChain"
        }
      ]
    },
    "ojButtonOjAction6": {
      "chains": [
        {
          "chainId": "Save_ButtonActionChain"
        }
      ]
    },
    "ojTableOjBeforeRowEdit": {
      "chains": [
        {
          "chainId": "TableBeforeRowEditChain",
          "parameters": {
            "rowKey": "{{$event.detail.rowContext.status.rowKey}}",
            "rowIndex": "{{$event.detail.rowContext.status.rowIndex}}",
            "rowData": "{{$event.detail.rowContext.componentElement.getDataForVisibleRow($event.detail.rowContext.status.rowIndex).data}}"
          }
        }
      ]
    },
    "ojTableOjBeforeRowEditEnd": {
      "preventDefault": "{{ $page.variables.disableRowEditExit || !$functions.isFormValid($event.detail, $event) }}",
      "chains": [
        {
          "chainId": "TableBeforeRowEditEndChain",
          "parameters": {
            "cancelEdit": "{{$event.detail.cancelEdit}}",
            "rowKey": "{{$event.detail.rowContext.status.rowKey}}",
            "rowIndex": "{{$event.detail.rowContext.status.rowIndex}}",
            "originalRowData": "{{$event.detail.rowContext.componentElement.getDataForVisibleRow($event.detail.rowContext.status.rowIndex).data}}",
            "event": "{{ $event }}",
            "rowData": "{{ $variables.currentRowBuffer }}"
          }
        }
      ]
    },
    "vbEnter": {
      "chains": [
        {
          "chainId": "onPageLoad",
          "parameters": {}
        }
      ]
    },
    "yesButtonOjAction": {
      "chains": [
        {
          "chainId": "Yes_ButtonActionChain"
        }
      ]
    }

  },
  "imports": {
    "components": {
      "oj-button": {
        "path": "ojs/ojbutton"
      },
      "oj-checkboxset": {
        "path": "ojs/ojcheckboxset"
      },
      "oj-collapsible": {
        "path": "ojs/ojcollapsible"
      },
      "oj-dialog": {
        "path": "ojs/ojdialog"
      },
      "oj-form-layout": {
        "path": "ojs/ojformlayout"
      },
      "oj-input-date": {
        "path": "ojs/ojdatetimepicker"
      },
      "oj-input-number": {
        "path": "ojs/ojinputnumber"
      },
      "oj-input-text": {
        "path": "ojs/ojinputtext"
      },
      "oj-option": {
        "path": "ojs/ojoption"
      },
      "oj-sample-show-when-ready": {
        "path": "oj-sample/show-when-ready/loader"
      },
      "oj-select-one": {
        "path": "ojs/ojselectcombobox"
      },
      "oj-table": {
        "path": "ojs/ojtable"
      },
      "oj-toolbar": {
        "path": "ojs/ojtoolbar"
      },
      "oj-validation-group": {
        "path": "ojs/ojvalidationgroup"
      }
    },
    "modules": {
      "ojValidationDateTime": {
        "path": "ojs/ojvalidation-datetime"
      }
    }
  }
}
