{
  "title": "",
  "description": "",
  "variables": {
    "bidirectionalNavigation": {
      "type": "boolean",
      "defaultValue": true,
      "input": "fromCaller"
    },
    "displayMode": {
      "type": "string"
    },
    "displayTT": {
      "type": "getDisplayTTResponse"
    },
    "displayTT2": {
      "type": "object"
    },
    "displayTT3": {
      "type": "getDisplayTTResponse2"
    },
    "displayTT4": {
      "type": "getDisplayTTResponse3"
    },
    "displayTT5": {
      "type": "updateDisplayTTRequest"
    },
    "displayTT6": {
      "type": "getDisplayTTResponse5"
    },
    "displayTT7": {
      "type": "getDisplayTTResponse6"
    },
    "displayTTDetailFormLoadingStatus": {
      "type": "string",
      "defaultValue": "pending"
    },
    "displayTTDetailFormRenderedFields": {
      "type": "any[]",
      "onValueChanged": {
        "chains": [
          {
            "chain": "loadDisplayTTChain2",
            "parameters": {
              "fetchedFields": "[[ $variables.displayTTDetailFormRenderedFields ]]"
            }
          }
        ]
      }
    },
    "displayTTEditFormStatus": {
      "type": "string",
      "defaultValue": "pending"
    },
    "displayTTETag": {
      "type": "string"
    },
    "fetchedDisplayTT": {
      "type": "getDisplayTTResponse4"
    },
    "inFlowBack": {
      "type": "boolean",
      "defaultValue": true,
      "input": "fromCaller"
    },
    "itemId": {
      "type": "string",
      "required": true,
      "input": "fromUrl"
    },
    "itemIndex": {
      "type": "number",
      "description": "Zero-based index referring to the current row in the collection",
      "input": "fromCaller",
      "onValueChanged": {
        "chains": [
          {
            "chainId": "fetchItemChain",
            "parameters": {
              "limit": "{{ $page.variables.itemIndex === 0 ? 2 : 3 }}",
              "offset": "{{ $page.variables.itemIndex > 0 ? ($page.variables.itemIndex - 1) : 0 }}"
            }
          }
        ]
      }
    },
    "nextItem": {
      "type": "any",
      "defaultValue": null
    },
    "overviewExpanded": {
      "type": "boolean",
      "defaultValue": false,
      "input": "fromCaller"
    },
    "parentPage": {
      "type": "string",
      "input": "fromCaller"
    },
    "parentUrlParams": {
      "type": "any",
      "input": "fromCaller"
    },
    "periodADP": {
      "type": "vb/ArrayDataProvider2",
      "defaultValue": {
        "itemType": "getPeriodType",
        "keyAttributes": "id"
      }
    },
    "previousItem": {
      "type": "any",
      "defaultValue": null
    }

  },
  "metadata": {
    "businessObjectsGetDisplayTTMetadata": {
      "type": "vb/DynamicLayoutMetadataProviderDescriptor",
      "defaultValue": {
        "endpoint": "businessObjects/get_DisplayTT"
      }
    }
  },
  "types": {
    "@decorators.getallViewTTResponse": {
      "endpoint": "getall_ViewTT",
      "service": "businessObjects",
      "path": "response"
    },
    "@decorators.getallViewTTResponse2": {
      "endpoint": "getall_ViewTT",
      "service": "businessObjects",
      "path": "response"
    },
    "@decorators.getDisplayTTResponse": {
      "endpoint": "get_DisplayTT",
      "service": "businessObjects",
      "path": "response"
    },
    "@decorators.getDisplayTTResponse2": {
      "endpoint": "get_DisplayTT",
      "service": "businessObjects",
      "path": "response"
    },
    "@decorators.getDisplayTTResponse3": {
      "endpoint": "get_DisplayTT",
      "service": "businessObjects",
      "path": "response"
    },
    "@decorators.getDisplayTTResponse4": {
      "endpoint": "get_DisplayTT",
      "service": "businessObjects",
      "path": "response"
    },
    "@decorators.getDisplayTTResponse5": {
      "endpoint": "get_DisplayTT",
      "service": "businessObjects",
      "path": "response"
    },
    "@decorators.getDisplayTTResponse6": {
      "endpoint": "get_DisplayTT",
      "service": "businessObjects",
      "path": "response"
    },
    "@decorators.getPeriodType": {
      "endpoint": "get_ViewTT",
      "service": "businessObjects",
      "path": "response"
    },
    "@decorators.updateDisplayTTRequest": {
      "endpoint": "update_DisplayTT",
      "service": "businessObjects",
      "path": "request"
    },
    "getallViewTTResponse": {
      "items": [
        {
          "finishTimeHHMM": "string",
          "id": "number",
          "period": "string",
          "startTimeHHMM": "string"
        }
      ]
    },
    "getallViewTTResponse2": {
      "items": [
        {
          "finishTimeHHMM": "string",
          "id": "number",
          "period": "string",
          "startTimeHHMM": "string"
        }
      ]
    },
    "getDisplayTTResponse": {
      "morningSupervision": "string",
      "status": "string",
      "timetableName": "string"
    },
    "getDisplayTTResponse2": {
      "status": "string",
      "statusDate": "string",
      "timetableEndDate": "string",
      "timetableName": "string",
      "timetableStartDate": "string"
    },
    "getDisplayTTResponse3": {
      "break1": "number",
      "break2": "number",
      "break3": "number",
      "classDays": "string",
      "classPeriods": "number",
      "eveningSupervision": "string",
      "lunchBreak": "number",
      "morningSupervision": "string"
    },
    "getDisplayTTResponse4": {
      "break1": "number",
      "break2": "number",
      "break3": "number",
      "breakDuration": "string",
      "classDays": "string",
      "classPeriods": "number",
      "classStartTime": "string",
      "eveningSupervision": "string",
      "eveningSupervisionDuration": "string",
      "lunchBreak": "number",
      "lunchBreakDuration": "string",
      "morningSupervision": "string",
      "morningSupervisionDuration": "string",
      "periodDuration": "string",
      "timetableID": "number",
      "timetableStartDate": "string"
    },
    "getDisplayTTResponse5": {
      "status": "string",
      "statusDate": "string",
      "timetableEndDate": "string",
      "timetableID": "number",
      "timetableName": "string",
      "timetableStartDate": "string"
    },
    "getDisplayTTResponse6": {
      "status": "string",
      "statusDate": "string",
      "timetableEndDate": "string",
      "timetableID": "number",
      "timetableName": "string",
      "timetableStartDate": "string"
    },
    "getPeriodType": {
      "finishTimeHHMM": "string",
      "id": "number",
      "period": "string",
      "startTimeHHMM": "string"
    },
    "updateDisplayTTRequest": {
      "break1": "number",
      "break2": "number",
      "break3": "number",
      "breakDuration": "string",
      "classDays": "string",
      "classPeriods": "number",
      "classStartTime": "string",
      "eveningSupervision": "string",
      "eveningSupervisionDuration": "string",
      "lunchBreak": "number",
      "lunchBreakDuration": "string",
      "morningSupervision": "string",
      "morningSupervisionDuration": "string",
      "periodDuration": "string",
      "timetableID": "number",
      "timetableStartDate": "string"
    }

  },
  "eventListeners": {

    "ojSpGoToParent": {
      "chains": [
        {
          "chainId": "goToParentChain",
          "parameters": {
            "parentPage": "{{ $page.variables.parentPage }}"
          }
        }
      ]
    },
    "ojSpItemOverviewPageSpNext": {
      "chains": [
        {
          "chainId": "goToNextItemChain",
          "parameters": {
            "event": "{{ $event }}"
          }
        }
      ]
    },
    "ojSpItemOverviewPageSpPrevious": {
      "chains": [
        {
          "chainId": "goToPreviousItemChain",
          "parameters": {
            "event": "{{ $event }}"
          }
        }
      ]
    },
    "ojSpItemOverviewSpCollapse": {
      "chains": [
        {
          "chainId": "ExpandOrCollapseOverviewChain",
          "parameters": {
            "expand": "false"
          }
        }
      ]
    },
    "ojSpItemOverviewSpExpand": {
      "chains": [
        {
          "chainId": "ExpandOrCollapseOverviewChain",
          "parameters": {
            "expand": "true"
          }
        }
      ]
    },
    "vbEnter": {
      "chains": [
        {
          "chainId": "ifItemIndexConfigured",
          "parameters": {}
        },
        {
          "chain": "loadDisplayTTChain"
        },
        {
          "chain": "loadDisplayTTChain3"
        },
{
          "chain": "loadDisplayTTChain4"
        },
{
          "chain": "loadDisplayTTChain5"
        },
        {
          "chain": "loadDisplayTTChain6"
        }        ,
{
          "chain": "loadDisplayTTChain7"
        },
        {
          "parameters": {},
          "chain": "vbEnterChangeListener"
        }
      ]
    },
    "itemOverviewPageSpInFlowBack2": {
      "chains": [
        {
          "chain": "ItemOverviewPageTemplateSpInFlowBackChain"
        }
      ]
    }

  },
  "imports": {
    "components": {
      "oj-button": {
        "path": "ojs/ojbutton"
      },
      "oj-checkboxset": {
        "path": "ojs/ojcheckboxset"
      },
      "oj-form-layout": {
        "path": "ojs/ojformlayout"
      },
      "oj-input-date": {
        "path": "ojs/ojdatetimepicker"
      },
      "oj-input-number": {
        "path": "ojs/ojinputnumber"
      },
      "oj-input-text": {
        "path": "ojs/ojinputtext"
      },
      "oj-input-time": {
        "path": "ojs/ojdatetimepicker"
      },
      "oj-option": {
        "path": "ojs/ojoption"
      },
      "oj-sp-collection-container": {
        "path": "oj-sp/collection-container/loader"
      },
      "oj-sp-item-overview": {
        "path": "oj-sp/item-overview/loader"
      },
      "oj-sp-item-overview-page": {
        "path": "oj-sp/item-overview-page/loader"
      },
      "oj-table": {
        "path": "ojs/ojtable"
      },
      "oj-toolbar": {
        "path": "ojs/ojtoolbar"
      }

    }
  },
  "@dt": {
    "iconClass": "vbdt-dynamic-icon-73-icoItemOverviewPage48Svg"
  }
}
