{
  "title": "",
  "description": "",
  "variables": {
    "cancel": {
      "type": "boolean",
      "defaultValue": false
    },
    "completionPanelBackgroundImageIndex": {
      "type": "number",
      "defaultValue": 0,
      "persisted": "device"
    },
    "currentStep": {
      "type": "string",
      "defaultValue": "",
      "input": "fromUrl"
    },
    "dirtyDataFlag": {
      "type": "boolean",
      "defaultValue": false
    },
    "dirtyDialogOpen": {
      "type": "boolean",
      "defaultValue": false
    },
    "fileBodyForPreview": {
      "type": "any"
    },
    "filePreview": {
      "type": "boolean",
      "defaultValue": false
    },
    "getNNamespaceNameBBucketNameOListSDP": {
      "type": "vb/ServiceDataProvider",
      "defaultValue": {
        "endpoint": "ObjectStorageAPIs/getNNamespaceNameBBucketNameO",
        "keyAttributes": "name",
        "itemsPath": "objects",
        "responseType": "getNNamespaceNameBBucketNameOResponse",
        "uriParameters": {
          "namespaceName": "v1erp",
          "bucketName": "ent_apps_ai_services"
        }
      }
    },
    "objStorageServerBusy": {
      "type": "boolean",
      "defaultValue": false
    },
    "primaryAction": {
      "type": "object",
      "defaultValue": {
        "label": "Submit"
      }
    },
    "Steps": {
      "type": "step[]",
      "defaultValue": [
        {
          "id": "1",
          "title": "Upload",
          "description": "Select the document to process"
        },
        {
          "id": "2",
          "title": "Extract",
          "description": "Extract the document"
        }
      ]
    },
    "valid": {
      "type": "string"
    }

  },
  "metadata": {},
  "types": {
    "@decorators.getNNamespaceNameBBucketNameOResponse": {
      "endpoint": "getNNamespaceNameBBucketNameO",
      "service": "ObjectStorageAPIs",
      "path": "response"
    },
    "getNNamespaceNameBBucketNameOResponse": {
      "objects": [
        {
          "name": "string"
        }
      ]
    },
    "step": {
      "id": "string",
      "title": "string",
      "description": "string",
      "display": "string",
      "status": "string",
      "timestamp": "string",
      "optional": "boolean"
    }

  },
  "eventListeners": {
    "onConfirmNoOjAction": {
      "chains": [
        {
          "chain": "dialogResponseActionChain",
          "parameters": {
            "detail": "{{ $event.detail }}",
            "response": "NO"
          }
        }
      ]
    },
    "onConfirmYesOjAction": {
      "chains": [
        {
          "chain": "dialogResponseActionChain",
          "parameters": {
            "detail": "{{ $event.detail }}",
            "response": "YES"
          }
        }
      ]
    },
    "onSpBeforeStepNavigate": {
      "preventDefault": "true",
      "chains": [
        {
          "chain": "spBeforeStepNavigate",
          "parameters": {
            "event": "{{ $event }}"
          }
        }
      ]
    },
    "onSpCancel": {
      "chains": [
        {
          "chain": "spCancelActionChain",
          "parameters": {
            "detail": "{{ $event.detail }}"
          }
        }
      ]
    },
    "vbBeforeExit": {
      "chains": [
        {
          "chain": "checkBeforeExitActionChain",
          "parameters": {}
        }
      ]
    },
    "vbEnter": {
      "chains": [
        {
          "chain": "firePageLayoutEventActionChain"
        }
      ]
    }
  },
  "imports": {
    "components": {
      "oj-button": {
        "path": "ojs/ojbutton"
      },
      "oj-file-picker": {
        "path": "ojs/ojfilepicker"
      },
      "oj-sp-completion-panel": {
        "path": "oj-sp/completion-panel/loader"
      },
      "oj-sp-guided-process": {
        "path": "oj-sp/guided-process/loader"
      },
      "oj-sp-message-unsaved-changes": {
        "path": "oj-sp/message-unsaved-changes/loader"
      },
      "oj-switcher": {
        "path": "ojs/ojswitcher"
      },
      "oj-tab-bar": {
        "path": "ojs/ojnavigationlist"
      },
      "oj-table": {
        "path": "ojs/ojtable"
      },
      "oj-validation-group": {
        "path": "ojs/ojvalidationgroup"
      }
    }
  },
  "@dt": {
    "iconClass": "vbdt-dynamic-icon-76-icoPageTemplateSvg"
  }
}
