{
  "title": "",
  "description": "",
  "variables": {
    "showVar": {
      "type": "boolean",
      "defaultValue": true
    },
    "timetableSearchResltListSDP": {
      "type": "vb/ServiceDataProvider",
      "defaultValue": {
        "endpoint": "businessObjects/getall_Timetable_search_reslt",
        "keyAttributes": "id",
        "itemsPath": "items",
        "responseType": "getallTimetableSearchResltResponse2"
      }
    },
    "timetableSearchResltListSDP2": {
      "type": "vb/ServiceDataProvider",
      "defaultValue": {
        "endpoint": "businessObjects/getall_Timetable_search_reslt",
        "keyAttributes": "id",
        "itemsPath": "items",
        "responseType": "getallTimetableSearchResltResponse3"
      }
    },
    "timetableStatusListSDP": {
      "type": "vb/ServiceDataProvider",
      "defaultValue": {
        "endpoint": "businessObjects/getall_Timetable_Status",
        "keyAttributes": "status",
        "itemsPath": "items",
        "responseType": "getallTimetableStatusResponse",
        "transformsContext": {
          "vb-textFilterAttributes": [
            "status"
          ]
        }
      }
    }

  },
  "metadata": {
    "businessObjectsGetallTimetableSearchResltMetadata": {
      "type": "vb/DynamicLayoutMetadataProviderDescriptor",
      "defaultValue": {
        "endpoint": "businessObjects/getall_Timetable_search_reslt",
        "metadataPath": "items"
      }
    }
  },
  "types": {
    "@decorators.getallTimetableSearchResltResponse": {
      "endpoint": "getall_Timetable_search_reslt",
      "service": "businessObjects",
      "path": "response"
    },
    "@decorators.getallTimetableSearchResltResponse2": {
      "endpoint": "getall_Timetable_search_reslt",
      "service": "businessObjects",
      "path": "response"
    },
    "@decorators.getallTimetableSearchResltResponse3": {
      "endpoint": "getall_Timetable_search_reslt",
      "service": "businessObjects",
      "path": "response"
    },
    "@decorators.getallTimetableStatusResponse": {
      "endpoint": "getall_Timetable_Status",
      "service": "businessObjects",
      "path": "response"
    },
    "action": {
      "id": "string",
      "label": "string",
      "display": "string",
      "icon": "string"
    },
    "getallTimetableSearchResltResponse": {
      "items": "object[]"
    },
    "getallTimetableSearchResltResponse2": {
      "items": "object[]"
    },
    "getallTimetableSearchResltResponse3": {
      "items": "object[]"
    },
    "getallTimetableStatusResponse": {
      "items": [
        {
          "status": "string"
        }
      ]
    }

  },
  "eventListeners": {
    "buttonAction": {
      "chains": [
        {
          "chain": "ButtonActionChain"
        }
      ]
    }
  },
  "imports": {
    "components": {
      "oj-button": {
        "path": "ojs/ojbutton"
      },
      "oj-collapsible": {
        "path": "ojs/ojcollapsible"
      },
      "oj-form-layout": {
        "path": "ojs/ojformlayout"
      },
      "oj-highlight-text": {
        "path": "ojs/ojhighlighttext"
      },
      "oj-input-date": {
        "path": "ojs/ojdatetimepicker"
      },
      "oj-select-single": {
        "path": "ojs/ojselectsingle"
      },
      "oj-sp-general-overview-page": {
        "path": "oj-sp/general-overview-page/loader"
      }

    }
  }
}
