{
  "component-dependencies": {
    "oj-sp": {
      "version": "2404.8.0",
      "components": {
        "messages-banner": "2404.8.0",
        "messages-toast": "2404.8.0",
        "guided-process": "2404.8.0",
        "completion-panel": "2404.8.0",
        "message-unsaved-changes": "2404.8.0",
        "smart-search-page": "2404.8.0",
        "collection-container": "2404.8.0",
        "list-item-template": "2404.8.0",
        "empty-state": "2404.8.0",
        "in-app-navigation": "2404.8.0",
        "item-overview-page": "2404.8.0",
        "item-overview": "2404.8.0"
      }
    },
    "oj-dynamic": {
      "version": "15.1.10",
      "components": {
        "form": "15.1.10"
      }
    }
  }
 }