{
  "title": "",
  "description": "",
  "variables": {
    "glAudit_SDP": {
      "type": "vb/ServiceDataProvider",
      "defaultValue": {
        "endpoint": "ords/getGlaudit",
        "responseType": "getGlaudit_Type",
        "itemsPath": "items"
      },
      "required": false,
      "input": "fromCaller"
    },
    "statusArray": {
      "type": [
        {
          "current_status": "string"
        }
      ]
    },
    "VarResolution_Payload": {
      "type": {
        "audit_id": "string",
        "resolution_comments": "string"
      }
    },
    "varSearch": {
      "type": {
        "p_current_status": "string",
        "p_date_from": "string",
        "p_date_to": "string",
        "p_file_name": "string"
      }
    }

  },
  "metadata": {},
  "types": {
    "@decorators.getGlaudit_Type": {
      "endpoint": "getGlaudit",
      "service": "ords",
      "path": "response"
    },
    "getGlaudit_Type": {
      "items": [
        {
          "attribute_date1": "any",
          "attribute_date10": "any",
          "attribute_date2": "any",
          "attribute_date3": "any",
          "attribute_date4": "any",
          "attribute_date5": "any",
          "attribute_date6": "any",
          "attribute_date7": "any",
          "attribute_date8": "any",
          "attribute_date9": "any",
          "attribute1": "any",
          "attribute10": "any",
          "attribute2": "any",
          "attribute3": "any",
          "attribute4": "any",
          "attribute5": "any",
          "attribute6": "any",
          "attribute7": "any",
          "attribute8": "any",
          "attribute9": "any",
          "audit_id": "number",
          "callback_flag": "any",
          "created_by": "string",
          "creation_date": "string",
          "current_status": "string",
          "end_time": "any",
          "error_code": "any",
          "error_message": "string",
          "f_import_id": "any",
          "f_import_status": "any",
          "f_load_int_id": "any",
          "f_load_int_status": "any",
          "f_summary": "any",
          "f_ucm_id": "any",
          "file_name": "string",
          "file_total": "number",
          "fusion_import_flag": "any",
          "glfwk_interface_id": "number",
          "group_id": "number",
          "int_batch_process_id": "any",
          "int_callback_id": "any",
          "int_file_movement_id": "number",
          "int_gl_import_process_id": "any",
          "int_scheduler_id": "number",
          "last_update_date": "string",
          "last_update_login": "any",
          "last_updated_by": "string",
          "load_flag": "string",
          "oci_bucket_name": "string",
          "oci_namespace": "string",
          "oci_object_file_path": "string",
          "process_complete": "any",
          "ready_for_import_flag": "string",
          "resolution": "any",
          "start_time": "string",
          "ticket_flag": "string",
          "transform_flag": "string",
          "validate_flag": "string"

        }
      ]
    }
  },
  "eventListeners": {
    "buttonAction": {
      "chains": [
        {
          "chainId": "Search_ButtonActionChain"
        }
      ]
    },
    "buttonAction2": {
      "chains": [
        {
          "chainId": "Clear_ButtonActionChain"
        }
      ]
    },
    "buttonAction3": {
      "chains": [
        {
          "chainId": "Refresh_ButtonActionChain"
        }
      ]
    },
    "buttonAction4": {
      "chains": [
        {
          "chainId": "Resolution_ButtonActionChain",
          "parameters": {
            "key": "{{ $current.key }}",
            "index": "{{ $current.index }}",
            "current": "{{ $current }}"
          }
        }
      ]
    },
    "buttonAction5": {
      "chains": [
        {
          "chainId": "Resolution_cancel_ButtonActionChain"
        }
      ]
    },
    "buttonAction6": {
      "chains": [
        {
          "chainId": "Resolution_save_ButtonActionChain"
        }
      ]
    },
    "toggleDrawer": {
      "chains": [
        {
          "chainId": "application:toggleDrawerHandler"
        }
      ]
    },
    "vbEnter": {
      "chains": [
        {
          "parameters": {},
          "chainId": "InitializeLovs"
        }
      ]
    }

  },
  "imports": {
    "components": {
      "oj-button": {
        "path": "ojs/ojbutton"
      },
      "oj-collapsible": {
        "path": "ojs/ojcollapsible"
      },
      "oj-dialog": {
        "path": "ojs/ojdialog"
      },
      "oj-form-layout": {
        "path": "ojs/ojformlayout"
      },
      "oj-input-date": {
        "path": "ojs/ojdatetimepicker"
      },
      "oj-input-date-time": {
        "path": "ojs/ojdatetimepicker"
      },
      "oj-input-text": {
        "path": "ojs/ojinputtext"
      },
      "oj-select-one": {
        "path": "ojs/ojselectcombobox"
      },
      "oj-select-single": {
        "path": "ojs/ojselectsingle"
      },
      "oj-table": {
        "path": "ojs/ojtable"
      },
      "oj-text-area": {
        "path": "ojs/ojinputtext"
      },
      "oj-toolbar": {
        "path": "ojs/ojtoolbar"
      },
      "oj-validation-group": {
        "path": "ojs/ojvalidationgroup"
      }

    },
    "modules": {
      "ojValidationDateTime": {
        "path": "ojs/ojvalidation-datetime"
      }
    }
  },
  "@dt": {
    "chains": {
      "Resolution_save_ButtonActionChain": {
        "showInDiagram": "navigationOnly"
      }
    }
  }
}