{
  "title": "",
  "description": "",
  "variables": {
    "openDrawer": {
      "type": "boolean",
      "defaultValue": false
    },
    "SearchTT": {
      "type": "getall_SearchTT"
    },
    "test": {
      "type": "vb/ServiceDataProvider",
      "defaultValue": {
        "endpoint": "businessObjects/getall_SearchTT",
        "responseType": "getall_SearchTT_test2",
        "itemsPath": "items",
        "filterCriterion": {
          "op": "$eq",
          "attribute": "status",
          "value": "{{ $variables.SearchTT.status }}"
        }
      }
    },
    "TT_Data": {
      "type": "vb/ServiceDataProvider",
      "defaultValue": {
        "endpoint": "businessObjects/getall_SearchTT",
        "responseType": "getall_SearchTTTest",
        "itemsPath": "items",
        "itemType": "getall_SearchTTTest"
      }
    }
  },
  "metadata": {},
  "types": {
    "@decorators.getall_SearchTT": {
      "endpoint": "getall_SearchTT",
      "service": "businessObjects",
      "path": "response-_-items[0]"
    },
    "@decorators.getall_SearchTT_test2": {
      "endpoint": "getall_SearchTT",
      "service": "businessObjects",
      "path": "response"
    },
    "@decorators.getall_SearchTTTest": {
      "endpoint": "getall_SearchTT",
      "service": "businessObjects",
      "path": "response"
    },
    "action": {
      "id": "string",
      "label": "string",
      "display": "string",
      "icon": "string"
    },
    "getall_SearchTT": {
      "status": "string",
      "statusDate": "string",
      "tTEndDate": "string",
      "tTName": "string",
      "tTStartDate": "string"
    },
    "getall_SearchTT_test2": {
      "items": [
        {
          "status": "string",
          "statusDate": "string",
          "tTEndDate": "string",
          "tTName": "string",
          "tTStartDate": "string"
        }
      ]
    },
    "getall_SearchTTTest": {
      "items": [
        {
          "tTName": "string",
          "tTStartDate": "string"
        }
      ]
    }
  },
  "eventListeners": {
    "cardAction": {
      "chains": [
        {
          "chain": "CardActionChain"
        }
      ]
    },
    "cardSpCardAction": {
      "chains": [
        {
          "chain": "CardSpCardActionChain"
        }
      ]
    },
    "generalDrawerTemplateSpClose": {
      "chains": [
        {
          "chain": "GeneralDrawerTemplateSpCloseChain"
        }
      ]
    },
    "ojGop1SpPrimaryAction": {
      "chains": [
        {
          "chain": "GeneralOverviewPageTemplateSpPrimaryActionChain"
        }
      ]
    },
    "ojGop1SpSecondaryAction": {
      "chains": [
        {
          "chain": "GeneralOverviewPageTemplateSpSecondaryActionChain",
          "parameters": {
            "actionId": "{{$event.detail.secondaryItem}}"
          }
        }
      ]
    },
    "ojGop1SpSecondaryAction2": {
      "chains": [
        {
          "chain": "GeneralOverviewPageTemplateSpSecondaryActionChain",
          "parameters": {
            "actionId": "filter"
          }
        }
      ]
    },
    "ojGop1SpSecondaryAction3": {
      "chains": [
        {
          "chain": "GeneralOverviewPageTemplateSpSecondaryActionChain"
        }
      ]
    },
    "switchValue": {
      "chains": [
        {
          "chain": "SwitchValueChangeChain",
          "parameters": {
            "value": "{{ $event.detail.value }}"
          }
        }
      ]
    }

  },
  "imports": {
    "components": {
      "oj-action-card": {
        "path": "ojs/ojactioncard"
      },
      "oj-button": {
        "path": "ojs/ojbutton"
      },
      "oj-drawer-popup": {
        "path": "ojs/ojdrawerpopup"
      },
      "oj-form-layout": {
        "path": "ojs/ojformlayout"
      },
      "oj-highlight-text": {
        "path": "ojs/ojhighlighttext"
      },
      "oj-input-date": {
        "path": "ojs/ojdatetimepicker"
      },
      "oj-list-item-layout": {
        "path": "ojs/ojlistitemlayout"
      },
      "oj-sp-calendar": {
        "path": "oj-sp/calendar/loader"
      },
      "oj-sp-card": {
        "path": "oj-sp/card/loader"
      },
      "oj-sp-general-drawer-template": {
        "path": "oj-sp/general-drawer-template/loader"
      },
      "oj-sp-general-overview-page": {
        "path": "oj-sp/general-overview-page/loader"
      },
      "oj-switch": {
        "path": "ojs/ojswitch"
      }

    }
  }
}
