{
  "title": "",
  "description": "",
  "variables": {
    "cancel": {
      "type": "boolean",
      "defaultValue": false
    },
    "completionPanelBackgroundImageIndex": {
      "type": "number",
      "defaultValue": 0,
      "persisted": "device"
    },
    "currentStep": {
      "type": "string",
      "defaultValue": "",
      "input": "fromUrl"
    },
    "dirtyDataFlag": {
      "type": "boolean",
      "defaultValue": false
    },
    "dirtyDialogOpen": {
      "type": "boolean",
      "defaultValue": false
    },
    "extractFileName": {
      "type": "string"
    },
    "fileBodyForPreview": {
      "type": "any"
    },
    "fileContent": {
      "type": "any"
    },
    "fileName": {
      "type": "string"
    },
    "filePreview": {
      "type": "boolean",
      "defaultValue": false
    },
    "getNNamespaceNameBBucketNameOListSDP": {
      "type": "vb/ServiceDataProvider",
      "defaultValue": {
        "endpoint": "ObjectStorageAPIs/getNNamespaceNameBBucketNameO",
        "keyAttributes": "name",
        "itemsPath": "objects",
        "responseType": "getNNamespaceNameBBucketNameOResponse",
        "uriParameters": {
          "namespaceName": "v1erp",
          "bucketName": "ent_apps_ai_services"
        }
      }
    },
    "Invoice_ADP": {
      "type": "vb/ArrayDataProvider2",
      "defaultValue": {
        "itemType": "getVBCS_DOCUMENT_UNDERSTAND1_0DuInvoice"
      }
    },
    "objStorageServerBusy": {
      "type": "boolean",
      "defaultValue": false
    },
    "ojTabBar24027154SelectedItem": {
      "type": "string",
      "defaultValue": "oj-tab-bar--24027154-1-tab-1"
    },
    "Passport_ADP": {
      "type": "vb/ArrayDataProvider2",
      "defaultValue": {
        "itemType": "getVBCS_DOCUMENT_UNDERSTAND1_0DuPassport"
      }
    },
    "primaryAction": {
      "type": "object",
      "defaultValue": {
        "label": "Submit"
      }
    },
    "progressBarVariable": {
      "type": "boolean"
    },
    "progressTableDisplayVar": {
      "type": "boolean"
    },
    "Receipt_ADP": {
      "type": "vb/ArrayDataProvider2",
      "defaultValue": {
        "itemType": "getVBCS_DOCUMENT_UNDERSTAND1_0DuReceipt"
      }
    },
    "Steps": {
      "type": "step[]",
      "defaultValue": [
        {
          "id": "1",
          "title": "Upload",
          "description": "Select the document to process"
        },
        {
          "id": "2",
          "title": "Extract",
          "description": "Extract the document"
        }
      ]
    },
    "valid": {
      "type": "string"
    }

  },
  "metadata": {},
  "types": {
    "@decorators.getNNamespaceNameBBucketNameOResponse": {
      "endpoint": "getNNamespaceNameBBucketNameO",
      "service": "ObjectStorageAPIs",
      "path": "response"
    },
    "@decorators.getVBCS_DOCUMENT_UNDERSTAND1_0DuInvoice": {
      "endpoint": "getVBCS_DOCUMENT_UNDERSTAND1_0Du",
      "service": "icsEAAI",
      "path": "response-_-SelectSQLOutputCollection-_-SelectSQLOutput[0]"
    },
    "@decorators.getVBCS_DOCUMENT_UNDERSTAND1_0DuPassport": {
      "endpoint": "getVBCS_DOCUMENT_UNDERSTAND1_0Du",
      "service": "icsEAAI",
      "path": "response-_-SelectSQLOutputCollection-_-SelectSQLOutput[0]"
    },
    "@decorators.getVBCS_DOCUMENT_UNDERSTAND1_0DuReceipt": {
      "endpoint": "getVBCS_DOCUMENT_UNDERSTAND1_0Du",
      "service": "icsEAAI",
      "path": "response-_-SelectSQLOutputCollection-_-SelectSQLOutput[0]"
    },
    "getNNamespaceNameBBucketNameOResponse": {
      "objects": [
        {
          "name": "string"
        }
      ]
    },
    "getVBCS_DOCUMENT_UNDERSTAND1_0DuInvoice": {
      "DOCUMENT_TYPE": "string",
      "INVOICE_DATE": "string",
      "INVOICE_NUMBER": "string",
      "INVOICE_TOTAL": "string",
      "VENDOR_ADDRESS": "string",
      "VENDOR_NAME": "string"
    },
    "getVBCS_DOCUMENT_UNDERSTAND1_0DuPassport": {
      "BirthDate": "string",
      "Country": "string",
      "DOCUMENT_TYPE": "string",
      "ExpiryDate": "string",
      "FIRST_NAME": "string",
      "GENDER": "string",
      "LAST_NAME": "string",
      "PASSPORT_NO": "string"
    },
    "getVBCS_DOCUMENT_UNDERSTAND1_0DuReceipt": {
      "DOCUMENT_TYPE": "string",
      "MERCHANT_ADDRESS": "string",
      "MERCHANT_NAME": "string",
      "TOTAL": "string"
    },
    "step": {
      "id": "string",
      "title": "string",
      "description": "string",
      "display": "string",
      "status": "string",
      "timestamp": "string",
      "optional": "boolean"
    }

  },
  "eventListeners": {
    "buttonAction": {
      "chains": [
        {
          "chain": "DailogDeleteObjectChain"
        }
      ]
    },
    "buttonAction2": {
      "chains": [
        {
          "chain": "DailogCloseChain"
        }
      ]
    },
    "filePickerSelect": {
      "chains": [
        {
          "chain": "FilePickerSelectChain",
          "parameters": {
            "files": "[[ Array.prototype.slice.call($event.detail.files) ]]"
          }
        }
      ]
    },
    "guidedProcessPageTemplateSpPrimaryAction": {
      "chains": [
        {
          "chain": "GuidedProcessPageTemplateSpPrimaryActionChain"
        }
      ]
    },
    "iconClick": {
      "chains": [
        {
          "chain": "IconClickChain",
          "parameters": {
            "key": "{{ $current.key }}",
            "index": "{{ $current.index }}",
            "current": "{{ $current }}"
          }
        }
      ]
    },
    "iconClick2": {
      "chains": [
        {
          "chain": "PreviewChain",
          "parameters": {
            "key": "{{ $current.key }}",
            "index": "{{ $current.index }}",
            "current": "{{ $current }}"
          }
        }
      ]
    },
    "iconClick3": {
      "chains": [
        {
          "chain": "DeleteObjectChain",
          "parameters": {
            "key": "{{ $current.key }}",
            "index": "{{ $current.index }}",
            "current": "{{ $current }}"
          }
        }
      ]
    },
    "onConfirmNoOjAction": {
      "chains": [
        {
          "chain": "dialogResponseActionChain",
          "parameters": {
            "detail": "{{ $event.detail }}",
            "response": "NO"
          }
        }
      ]
    },
    "onConfirmYesOjAction": {
      "chains": [
        {
          "chain": "dialogResponseActionChain",
          "parameters": {
            "detail": "{{ $event.detail }}",
            "response": "YES"
          }
        }
      ]
    },
    "onSpBeforeStepNavigate": {
      "preventDefault": "true",
      "chains": [
        {
          "chain": "spBeforeStepNavigate",
          "parameters": {
            "event": "{{ $event }}"
          }
        }
      ]
    },
    "onSpCancel": {
      "chains": [
        {
          "chain": "spCancelActionChain",
          "parameters": {
            "detail": "{{ $event.detail }}"
          }
        }
      ]
    },
    "vbBeforeExit": {
      "chains": [
        {
          "chain": "checkBeforeExitActionChain",
          "parameters": {}
        }
      ]
    },
    "vbEnter": {
      "chains": [
        {
          "chain": "firePageLayoutEventActionChain"
        }
      ]
    }

  },
  "imports": {
    "components": {
      "oj-button": {
        "path": "ojs/ojbutton"
      },
      "oj-dialog": {
        "path": "ojs/ojdialog"
      },

      "oj-file-picker": {
        "path": "ojs/ojfilepicker"
      },
      "oj-message": {
        "path": "ojs/ojmessage"
      },
      "oj-progress-bar": {
        "path": "ojs/ojprogress-bar"
      },
      "oj-sp-completion-panel": {
        "path": "oj-sp/completion-panel/loader"
      },
      "oj-sp-guided-process": {
        "path": "oj-sp/guided-process/loader"
      },
      "oj-sp-message-unsaved-changes": {
        "path": "oj-sp/message-unsaved-changes/loader"
      },
      "oj-switcher": {
        "path": "ojs/ojswitcher"
      },
      "oj-tab-bar": {
        "path": "ojs/ojnavigationlist"
      },
      "oj-table": {
        "path": "ojs/ojtable"
      },
      "oj-validation-group": {
        "path": "ojs/ojvalidationgroup"
      }

    }
  },
  "@dt": {
    "iconClass": "vbdt-dynamic-icon-76-icoPageTemplateSvg"
  }
}
