{
    "backends": {
        "ObjectStorage": {
            "servers": [
                {
                    "url": "https://objectstorage.me-abudhabi-1.oraclecloud.com",
                    "description": "Default Server",
                    "x-vb": {
                        "authentication": {
                            "authenticated": {
                                "type": "http_signature_oci",
                                "credentials": "vb_b31c60d5-1cab-4343-915b-bf9c5f00736f"
                            }
                        }
                    }
                }
            ]
        }
      }
}