{
  "component-dependencies": {
    "oj-dyn": {
      "version": "15.1.1",
      "components": {
        "form": "15.1.1",
        "bind-field": "15.1.1",
        "container": "15.1.1"
      }
    },
    "oj-dynamic": {
      "version": "15.1.1",
      "components": {
        "table": "15.1.1"
      }
    },
    "oj-sp": {
      "version": "2404.0.0",
      "components": {
        "smart-filter-search": "2404.0.0",
        "collection-container": "2404.0.0",
        "welcome-page": "2404.0.0",
        "section": "2404.0.0",
        "advanced-create-edit": "2404.0.0",
        "vertical-anchor-navigator": "2404.0.0",
        "message-unsaved-changes": "2404.0.0"
      }
    }
  }
}