{
  "title": "",
  "description": "",
  "variables": {
    "aiServicesListSDP": {
      "type": "vb/ServiceDataProvider",
      "defaultValue": {
        "endpoint": "businessObjects/getall_AiServices",
        "keyAttributes": "id",
        "itemsPath": "items",
        "responseType": "getallAiServicesResponse",
        "filterCriterion": {
          "op": "$co",
          "attribute": "serviceName",
          "value": "{{ $variables.homeSearchVar }}"
        }
      }
    },
    "backgroundColor": {
      "type": "string",
      "defaultValue": "dark-ocean"
    },
    "homeSearchVar": {
      "type": "string"
    },
    "illustrationBackground": {
      "type": "string",
      "defaultValue": "https://static.oracle.com/cdn/fnd/gallery/2307.0.2/images/illust-welcome-banner-bg-01.png"
    },
    "illustrationForeground": {
      "type": "string",
      "defaultValue": "https://static.oracle.com/cdn/fnd/gallery/2307.0.2/images/illust-welcome-banner-fg-01.png"
    },
    "imageStretch": {
      "type": "string",
      "defaultValue": "none"
    },
    "mobileImage": {
      "type": "string",
      "defaultValue": "on"
    }

  },
  "metadata": {},
  "types": {
    "@decorators.getallAiServicesResponse": {
      "endpoint": "getall_AiServices",
      "service": "businessObjects",
      "path": "response"
    },
    "getallAiServicesResponse": {
      "items": [
        {
          "id": "number",
          "serviceName": "string"
        }
      ]
    }
  },
  "eventListeners": {},
  "imports": {
    "components": {
      "oj-input-search": {
        "path": "ojs/ojinputsearch"
      },
      "oj-list-item-layout": {
        "path": "ojs/ojlistitemlayout"
      },
      "oj-list-view": {
        "path": "ojs/ojlistview"
      },
      "oj-sp-welcome-page": {
        "path": "oj-sp/welcome-page/loader"
      }

    }
  }
}
