{
  "title": "",
  "description": "",
  "variables": {
    "allFilters": {
      "type": "filterChip[]",
      "defaultValue": "{{$page.variables.selectContextValueItem && $page.variables.selectContextValueItem.key ? (($page.variables.appliedFilters || []).concat([{ 'filter': 'keyword', 'label': $page.variables.selectContextValueItem.data ? $page.variables.selectContextValueItem.data.label : $page.variables.selectContextValueItem.key, 'value': $page.variables.selectContextValueItem.key }])) :  $page.variables.appliedFilters }}"
    },
    "appliedFilters": {
      "type": "filterChip[]",
      "defaultValue": "{{ $page.variables.appliedFiltersStr && $page.variables.appliedFiltersStr.length > 0 ? JSON.parse($page.variables.appliedFiltersStr) : [] }}",
      "onValueChanged": {
        "chains": [
          {
            "chain": "updateAllFilters",
            "parameters": {
              "value": "[[ $page.variables.appliedFilters ]]"
            }
          }
        ]
      }
    },
    "appliedFiltersStr": {
      "type": "string",
      "input": "fromUrl",
      "defaultValue": "",
      "onValueChanged": {
        "chains": [
          {
            "chain": "updateAppliedFilters",
            "parameters": {}
          }
        ]
      }
    },
    "askHint": {
      "type": "string",
      "defaultValue": "Search"
    },
    "displayMode": {
      "type": "string"
    },
    "expanded": {
      "type": "string",
      "defaultValue": "auto"
    },
    "getNNamespaceNameBBucketNameOListSDP": {
      "type": "vb/ServiceDataProvider",
      "defaultValue": {
        "endpoint": "ObjectStorageAPIs/getNNamespaceNameBBucketNameO",
        "keyAttributes": "name",
        "itemsPath": "objects",
        "responseType": "getNNamespaceNameBBucketNameOResponse",
        "uriParameters": {
          "bucketName": "bucket-20240803-2133",
          "namespaceName": "axrx85y6xzrs"
        }
      }
    },
    "getNNamespaceNameBBucketNameOListSDP2": {
      "type": "vb/ServiceDataProvider",
      "defaultValue": {
        "endpoint": "ObjectStorageAPIs/getNNamespaceNameBBucketNameO",
        "keyAttributes": "name",
        "itemsPath": "objects",
        "responseType": "getNNamespaceNameBBucketNameOResponse4",
        "uriParameters": {
          "namespaceName": "v1erp",
          "bucketName": "ent_apps_ai_services"
        }
      }
    },
    "goToParentOption": {
      "type": "boolean",
      "defaultValue": false
    },
    "initialString": {
      "type": "string"
    },
    "primaryAction": {
      "type": "action"
    },
    "searchResultsDP": {
      "type": "oj-sp/data-provider/SmartSearchAndFilterDataProvider",
      "defaultValue": {
        "//": "specify endpoint for search all below",
        "endpoint": null,
        "options": {
          "filterCriterion": {
            "op": "$eq",
            "value": {
              "filters": "{{$page.variables.allFilters}}"
            }
          },
          "parameters": {
            "smartSearchName": "<The name of the Smart Search as registered by the product team>"
          },
          "recentSearches": {
            "//": "specify endpoint where recent search data is saved below",
            "endpoint": null
          }
        }
      }
    },
    "searchSuggestionsDP": {
      "type": "oj-sp/data-provider/SmartSuggestionChipsDataProvider",
      "defaultValue": {
        "dataProviders": {
          "recentSearches": {
            "//": "specify endpoint for recent search below",
            "endpoint": null,
            "uriParameters": {
              "smartSearchName": "<The name of the Smart Search as registered by the product team>"
            }
          },
          "autocompleteSearch": {
            "//": "specify endpoint for search all below",
            "endpoint": null,
            "uriParameters": {
              "smartSearchName": "<The name of the Smart Search as registered by the product team>"
            }
          },
          "suggestionFiltersSearch": {
            "//": "specify endpoint for suggest search below",
            "endpoint": null,
            "uriParameters": {
              "smartSearchName": "<The name of the Smart Search as registered by the product team>"
            }
          }
        }
      }
    },
    "secondaryActions": {
      "type": "action[]"
    },
    "selectContextData": {
      "type": "vb/ArrayDataProvider"
    },
    "selectContextItemText": {
      "type": "string",
      "defaultValue": "label"
    },
    "selectContextLabelHint": {
      "type": "string"
    },
    "selectContextValue": {
      "type": "string",
      "defaultValue": null,
      "persisted": "device",
      "input": "fromUrl"
    },
    "selectContextValueItem": {
      "type": "any",
      "onValueChanged": {
        "chains": [
          {
            "chain": "updateAllFilters",
            "parameters": {
              "value": "[[ $page.variables.appliedFilters ]]"
            }
          }
        ]
      }
    },
    "showAllTotalCount": {
      "type": "boolean",
      "defaultValue": false
    },
    "suggestionFiltersDP": {
      "type": "oj-sp/data-provider/SuggestionFiltersDataProvider",
      "defaultValue": {
        "//": "specify endpoint for suggest search below",
        "endpoint": null,
        "uriParameters": {
          "smartSearchName": "<The name of the Smart Search as registered by the product team>"
        }
      }
    }

  },
  "metadata": {},
  "types": {
    "@decorators.getNNamespaceNameBBucketNameOResponse": {
      "endpoint": "getNNamespaceNameBBucketNameO",
      "service": "ObjectStorageAPIs",
      "path": "response"
    },
    "@decorators.getNNamespaceNameBBucketNameOResponse2": {
      "endpoint": "getNNamespaceNameBBucketNameO",
      "service": "ObjectStorageAPIs",
      "path": "response"
    },
    "@decorators.getNNamespaceNameBBucketNameOResponse3": {
      "endpoint": "getNNamespaceNameBBucketNameO",
      "service": "ObjectStorageAPIs",
      "path": "response"
    },
    "@decorators.getNNamespaceNameBBucketNameOResponse4": {
      "endpoint": "getNNamespaceNameBBucketNameO",
      "service": "ObjectStorageAPIs",
      "path": "response"
    },
    "action": {
      "id": "string",
      "label": "string",
      "display": "string",
      "icon": "string"
    },
    "contextSelectType": {
      "value": "string",
      "label": "string"
    },
    "filterChip": {
      "count": "number",
      "dependencies": "string[]",
      "filter": "string",
      "filterLabel": "string",
      "label": "string",
      "value": "any"
    },
    "getNNamespaceNameBBucketNameOResponse": {
      "objects": [
        {
          "name": "string"
        }
      ]
    },
    "getNNamespaceNameBBucketNameOResponse2": {
      "objects": [
        {
          "name": "string"
        }
      ]
    },
    "getNNamespaceNameBBucketNameOResponse3": {
      "objects": [
        {
          "name": "string"
        }
      ]
    },
    "getNNamespaceNameBBucketNameOResponse4": {
      "objects": [
        {
          "name": "string"
        }
      ]
    }
  },
  "eventListeners": {
    "ojSpGoToParent": {
      "chains": [
        {
          "chain": "goToParent",
          "parameters": {}
        }
      ]
    },
    "ojSpSmartFiltersChangedAction": {
      "chains": [
        {
          "chain": "updateAllFilters",
          "parameters": {
            "value": "{{ $event.detail.value }}"
          }
        }
      ]
    }
  },
  "imports": {
    "components": {
      "oj-input-search": {
        "path": "ojs/ojinputsearch"
      },
      "oj-sp-scoreboard": {
        "path": "oj-sp/scoreboard/loader"
      },
      "oj-sp-smart-search-page": {
        "path": "oj-sp/smart-search-page/loader"
      },
      "oj-switcher": {
        "path": "ojs/ojswitcher"
      },
      "oj-table": {
        "path": "ojs/ojtable"
      }

    }
  }
}
