{
  "title": "",
  "description": "",
  "variables": {
    "backgroundColor": {
      "type": "string",
      "defaultValue": "dark-ocean"
    },
    "fileContent": {
      "type": "any"
    },
    "fileName": {
      "type": "string"
    },
    "getNNamespaceNameBBucketNameOListSDP": {
      "type": "vb/ServiceDataProvider",
      "defaultValue": {
        "endpoint": "ObjectStorageAPIs/getNNamespaceNameBBucketNameO",
        "keyAttributes": "name",
        "itemsPath": "objects",
        "responseType": "getNNamespaceNameBBucketNameOResponse",
        "uriParameters": {
          "bucketName": "ent_apps_ai_services",
          "namespaceName": "v1erp"
        }
      }
    },
    "illustrationBackground": {
      "type": "string",
      "defaultValue": "https://static.oracle.com/cdn/fnd/gallery/2307.0.2/images/illust-welcome-banner-bg-01.png"
    },
    "illustrationForeground": {
      "type": "string",
      "defaultValue": "https://static.oracle.com/cdn/fnd/gallery/2307.0.2/images/illust-welcome-banner-fg-01.png"
    },
    "imageStretch": {
      "type": "string",
      "defaultValue": "none"
    },
    "mobileImage": {
      "type": "string",
      "defaultValue": "on"
    }

  },
  "metadata": {},
  "types": {
    "@decorators.getNNamespaceNameBBucketNameOResponse": {
      "endpoint": "getNNamespaceNameBBucketNameO",
      "service": "ObjectStorageAPIs",
      "path": "response"
    },
    "getNNamespaceNameBBucketNameOResponse": {
      "objects": [
        {
          "name": "string"
        }
      ]
    }
  },
  "eventListeners": {
    "filePickerSelect": {
      "chains": [
        {
          "chain": "FilePickerSelectChain",
          "parameters": {
            "files": "[[ Array.prototype.slice.call($event.detail.files) ]]"
          }
        }
      ]
    },
    "ojSpWp1SpPrimaryAction": {
      "chains": [
        {
          "chain": "WelcomePageTemplateSpPrimaryActionChain"
        }
      ]
    }
  },
  "imports": {
    "components": {
      "oj-file-picker": {
        "path": "ojs/ojfilepicker"
      },
      "oj-sp-welcome-page": {
        "path": "oj-sp/welcome-page/loader"
      },
      "oj-table": {
        "path": "ojs/ojtable"
      }
    }
  },
  "@dt": {
    "iconClass": "vbdt-dynamic-icon-81-icoWelcomePageTemplate48Svg"
  }
}
