{
    "fields": [
        {
            "type": "number",
            "name": "id",
            "internal": false,
            "key": true,
            "oid": "ed54a50f-f831-4de2-b93e-22b0a6fae401",
            "required": true,
            "unique": true,
            "displayLabel": "Id"
        },
        {
            "type": "datetime",
            "name": "creationDate",
            "internal": false,
            "oid": "da4db65c-462d-41fe-ac5b-2a5486480be9",
            "displayLabel": "Created",
            "historyType": "timeCreated"
        },
        {
            "type": "datetime",
            "name": "lastUpdateDate",
            "internal": false,
            "oid": "8f15fd7a-6108-456a-b128-8af729c76b09",
            "displayLabel": "Last Updated",
            "historyType": "timeUpdated"
        },
        {
            "type": "string",
            "name": "createdBy",
            "internal": false,
            "oid": "fce9c400-a1a7-42d8-bfd3-3ed80664ce03",
            "displayLabel": "Created By",
            "historyType": "createdBy"
        },
        {
            "type": "string",
            "name": "lastUpdatedBy",
            "internal": false,
            "oid": "5bcf3a76-9463-48bf-b4b6-1e93b9d67b71",
            "displayLabel": "Last Updated By",
            "historyType": "updatedBy"
        },
        {
            "type": "number",
            "name": "versionNumber",
            "internal": false,
            "oid": "998833af-d987-4c33-b222-05854f749191",
            "displayLabel": "Version Number",
            "historyType": "versionNumber"
        },
        {
            "type": "string",
            "name": "period",
            "oid": "e3cc67b6-ab4d-418b-9caa-e673d5c8ec93",
            "displayLabel": "Period"
        }
    ],
    "name": "PeriodLOV",
    "oid": "fdadda91-eac3-4d45-b96f-d46879dab511",
    "displayLabel": "Period L O V"
}