id,creationDate,lastUpdateDate,createdBy,lastUpdatedBy,period
1,2024-07-23T05:41:02,2024-07-23T05:41:02.015,shaik.latheef@version1.com,shaik.latheef@version1.com,Morning Supervision
2,2024-07-23T05:41:16,2024-07-23T05:41:16.003,shaik.latheef@version1.com,shaik.latheef@version1.com,Evening Supervision
3,2024-07-23T05:42:11,2024-07-23T05:42:11.003,shaik.latheef@version1.com,shaik.latheef@version1.com,Break
4,2024-07-23T05:42:21,2024-07-23T05:42:21.004,shaik.latheef@version1.com,shaik.latheef@version1.com,Lunch Break
