{
    "fields": [
        {
            "type": "number",
            "name": "id",
            "internal": false,
            "key": true,
            "oid": "acbe76fc-bb99-4dd9-a451-49b7a470bb3c",
            "required": true,
            "unique": true,
            "displayLabel": "Id"
        },
        {
            "type": "datetime",
            "name": "creationDate",
            "internal": false,
            "oid": "0ebc4d8c-8d08-40f7-a19e-6b0b211231ec",
            "displayLabel": "Created",
            "historyType": "timeCreated"
        },
        {
            "type": "datetime",
            "name": "lastUpdateDate",
            "internal": false,
            "oid": "3225027e-a01f-4d42-9053-05d481658356",
            "displayLabel": "Last Updated",
            "historyType": "timeUpdated"
        },
        {
            "type": "string",
            "name": "createdBy",
            "internal": false,
            "oid": "c4cfdf60-7a0e-460b-9a26-8246d25bd2a4",
            "displayLabel": "Created By",
            "historyType": "createdBy"
        },
        {
            "type": "string",
            "name": "lastUpdatedBy",
            "internal": false,
            "oid": "916214ab-9dab-40c0-9e2f-4ce45a62d409",
            "displayLabel": "Last Updated By",
            "historyType": "updatedBy"
        },
        {
            "type": "number",
            "name": "versionNumber",
            "internal": false,
            "oid": "56b202c6-32e9-4956-84fa-54b2a04a31b4",
            "displayLabel": "Version Number",
            "historyType": "versionNumber"
        },
        {
            "type": "string",
            "name": "serviceName",
            "oid": "7a03a8a9-c347-41e9-84a1-d8e29fb6d644",
            "displayLabel": "Service Name"
        }
    ],
    "name": "AiServices",
    "oid": "f05bb9b9-4461-4ed3-b62c-0051f2d2e6fb",
    "displayLabel": "Ai Services"
}