{
  "title": "",
  "description": "",
  "variables": {
    "backgroundColor": {
      "type": "string",
      "defaultValue": "dark-ocean"
    },
    "bucketName": {
      "type": "string",
      "defaultValue": "ent_apps_ai_services"
    },
    "compartmentId": {
      "type": "string",
      "defaultValue": "ocid1.compartment.oc1..aaaaaaaau56dm4tjjwngj72j7rekhptjdlq6iyighaiddgo3vp7rcqfzvrbq"
    },
    "extractFileName": {
      "type": "string"
    },
    "holdImage": {
      "type": "any"
    },
    "illustrationBackground": {
      "type": "string",
      "defaultValue": "https://static.oracle.com/cdn/fnd/gallery/2307.0.2/images/illust-welcome-banner-bg-01.png"
    },
    "illustrationForeground": {
      "type": "string",
      "defaultValue": "https://static.oracle.com/cdn/fnd/gallery/2307.0.2/images/illust-welcome-banner-fg-01.png"
    },
    "imageStretch": {
      "type": "string",
      "defaultValue": "none"
    },
    "imageURL": {
      "type": "string"
    },
    "mobileImage": {
      "type": "string",
      "defaultValue": "on"
    },
    "namespaceName": {
      "type": "string",
      "defaultValue": "v1erp"
    },
    "objStorageServerBusy": {
      "type": "boolean",
      "defaultValue": false
    },
    "ojTabBar1927534473SelectedItem": {
      "type": "string",
      "defaultValue": "oj-tab-bar--1927534473-1-tab-2"
    },
    "progressBarVariable": {
      "type": "boolean"
    },
    "progressNameVariable": {
      "type": "string"
    },
    "progressTableVariable": {
      "type": "boolean"
    },
    "Receipt_ADP": {
      "type": "vb/ArrayDataProvider2",
      "defaultValue": {
        "itemType": "getVBCS_DOCUMENT_UNDERSTAND1_0Du_Receipt"
      }
    },
    "Receipt_Lines_ADP": {
      "type": "vb/ArrayDataProvider2",
      "defaultValue": {
        "itemType": "getVBCS_DOCUMENT_UNDERSTAND1_0Du_Receipt_Lines"
      }
    }

  },
  "metadata": {},
  "types": {
    "@decorators.getVBCS_DOCUMENT_UNDERSTAND1_0Du_Invoice": {
      "endpoint": "getVBCS_DOCUMENT_UNDERSTAND1_0Du",
      "service": "icsEAAI",
      "path": "response-_-SelectSQLOutputCollection-_-SelectSQLOutput[0]"
    },
    "@decorators.getVBCS_DOCUMENT_UNDERSTAND1_0Du_Passport": {
      "endpoint": "getVBCS_DOCUMENT_UNDERSTAND1_0Du",
      "service": "icsEAAI",
      "path": "response-_-SelectSQLOutputCollection-_-SelectSQLOutput[0]"
    },
    "@decorators.getVBCS_DOCUMENT_UNDERSTAND1_0Du_Receipt": {
      "endpoint": "getVBCS_DOCUMENT_UNDERSTAND1_0Du",
      "service": "icsEAAI",
      "path": "response-_-SelectSQLOutputCollection-_-SelectSQLOutput[0]"
    },
    "@decorators.getVBCS_DOCUMENT_UNDERSTAND1_0Du_Receipt_Lines": {
      "endpoint": "getVBCS_DOCUMENT_UNDERSTAND1_0Du",
      "service": "icsEAAI",
      "path": "response-_-SelectSQLOutputCollection-_-SelectSQLOutput[0]"
    },
    "getVBCS_DOCUMENT_UNDERSTAND1_0Du_Invoice": {
      "DOCUMENT_TYPE": "string",
      "INVOICE_DATE": "string",
      "INVOICE_NUMBER": "string",
      "INVOICE_TOTAL": "string",
      "VENDOR_ADDRESS": "string",
      "VENDOR_NAME": "string"
    },
    "getVBCS_DOCUMENT_UNDERSTAND1_0Du_Passport": {
      "BirthDate": "string",
      "Country": "string",
      "DOCUMENT_TYPE": "string",
      "ExpiryDate": "string",
      "FIRST_NAME": "string",
      "GENDER": "string",
      "LAST_NAME": "string",
      "PASSPORT_NO": "string"
    },
    "getVBCS_DOCUMENT_UNDERSTAND1_0Du_Receipt": {
      "DOCUMENT_TYPE": "string",
      "MERCHANT_ADDRESS": "string",
      "MERCHANT_NAME": "string",
      "PHONE_NUMBER": "string",
      "SUB_TOTAL": "string",
      "TAX": "string",
      "TOTAL": "string",
      "TRANSACTION_DATE": "string",
      "TRANSACTION_TIME": "string"
    },
    "getVBCS_DOCUMENT_UNDERSTAND1_0Du_Receipt_Lines": {
      "ITEMLINENUMBER": "string",
      "ITEMNAME": "string",
      "ITEMQUANTITY": "string",
      "ITEMTOTALPRICE": "string"
    }
  },
  "eventListeners": {
    "cameraFilePickerSelect": {
      "chains": [
        {
          "chain": "CameraFilePickerSelectChain",
          "parameters": {
            "files": "[[ Array.prototype.slice.call($event.detail.files) ]]"
          }
        }
      ]
    }
  },
  "imports": {
    "components": {
      "oj-button": {
        "path": "ojs/ojbutton"
      },
      "oj-file-picker": {
        "path": "ojs/ojfilepicker"
      },
      "oj-progress-circle": {
        "path": "ojs/ojprogress-circle"
      },
      "oj-sp-welcome-page": {
        "path": "oj-sp/welcome-page/loader"
      },
      "oj-switcher": {
        "path": "ojs/ojswitcher"
      },
      "oj-tab-bar": {
        "path": "ojs/ojnavigationlist"
      },
      "oj-table": {
        "path": "ojs/ojtable"
      }

    }
  }
}
