{
    "fields": [
        {
            "type": "number",
            "name": "id",
            "internal": false,
            "key": true,
            "oid": "e3c66823-a481-4389-b584-5bd1a821c48c",
            "required": true,
            "unique": true,
            "displayLabel": "Id"
        },
        {
            "type": "datetime",
            "name": "creationDate",
            "internal": false,
            "oid": "273dd6c9-5509-42ee-bd44-9178951dfe5d",
            "displayLabel": "Created",
            "historyType": "timeCreated"
        },
        {
            "type": "datetime",
            "name": "lastUpdateDate",
            "internal": false,
            "oid": "1f526f35-f8ef-4494-a16b-a811ad0f2253",
            "displayLabel": "Last Updated",
            "historyType": "timeUpdated"
        },
        {
            "type": "string",
            "name": "createdBy",
            "internal": false,
            "oid": "fb2c283f-6367-48de-bc62-8dbfd6ff1d8a",
            "displayLabel": "Created By",
            "historyType": "createdBy"
        },
        {
            "type": "string",
            "name": "lastUpdatedBy",
            "internal": false,
            "oid": "36cb0eae-7649-479f-807a-bc1195bd8744",
            "displayLabel": "Last Updated By",
            "historyType": "updatedBy"
        },
        {
            "type": "number",
            "name": "versionNumber",
            "internal": false,
            "oid": "c1a562b4-8877-4634-9cc6-daced3b83e57",
            "displayLabel": "Version Number",
            "historyType": "versionNumber"
        },
        {
            "type": "number",
            "defaultValue": {
                "server": {
                    "type": "static",
                    "value": ""
                }
            },
            "name": "timetableID",
            "oid": "10dd46c6-a586-4586-b2e8-a5190e992f18",
            "required": true,
            "unique": true,
            "displayLabel": "Timetable ID"
        },
        {
            "type": "string",
            "name": "timetableName",
            "oid": "ec6086e9-d120-45dd-b147-35acdfecc21e",
            "displayLabel": "Timetable Name"
        },
        {
            "type": "string",
            "name": "timetableStartDate",
            "oid": "906b1647-dcc8-47e7-813c-dda0180d9ccb",
            "displayLabel": "Timetable Start Date"
        },
        {
            "type": "date",
            "name": "timetableEndDate",
            "oid": "d5fce673-1614-450c-947e-0255da6910b4",
            "displayLabel": "Timetable End Date"
        },
        {
            "type": "string",
            "name": "status",
            "oid": "a412f514-6108-41f1-8551-dd47e73db945",
            "displayLabel": "Status"
        },
        {
            "type": "string",
            "name": "statusDate",
            "oid": "92831d5e-6ccf-4803-9f6e-00522555eec2",
            "displayLabel": "Status Date"
        }
    ],
    "name": "TimetableSearch",
    "oid": "1e0e5d76-7ab7-46f4-8637-17415aa50d18",
    "displayLabel": "Timetable Search"
}