{
  "layoutTypes": {
    "businessObjects": {
      "kind": "operationRef",
      "serviceId": "businessObjects",
      "operations": [
        "update_ViewBO"
      ]
    }
  },
  "layouts": {
    "isDefault": {
      "description": "Default Rule",
      "type": "businessObjects",
      "expression": "default"
    },
    "viewForm": {
      "type": "businessObjects",
      "layoutType": "form",
      "label": "viewForm",
      "rules": [
        "isDefault"
      ],
      "layouts": {
        "default": {
          "layoutType": "form",
          "layout": {
            "displayProperties": [
              "id",
              "classDays",
              "classPeriods",
              "classDuration"
            ]
          }
        }
      },
      "fieldTemplateMap": {
        "classDays": "checkBox"
      }
    }
  },
  "templates": {
    "checkBox": {
      "title": "checkBox",
      "description": "",
      "extensible": "byReference",
      "@dt": {
        "type": "field"
      },
      "dependencies": [
        "ojs/ojcheckboxset",
        "ojs/ojoption"
      ]
    }
  }
}