{
    "backends": {
        "ObjectStorage": {
            "servers": [
                {
                    "url": "https://objectstorage.eu-frankfurt-1.oraclecloud.com",
                    "description": "Default Server",
                    "x-vb": {
                        "authentication": {
                            "authenticated": {
                                "type": "http_signature_oci",
                                "credentials": "vb_6e5c8939-0290-4688-b59c-9c33da5ed78e"
                            }
                        }
                    }
                }
            ]
        }
      }
}