{
    "backends": {
        "ObjectStorage": {
            "servers": [
                {
                    "url": "https://objectstorage.eu-frankfurt-1.oraclecloud.com",
                    "description": "Default Server",
                    "x-vb": {
                        "authentication": {
                            "authenticated": {
                                "type": "http_signature_oci",
                                "credentials": "vb_ad6e9608-8017-4288-9c60-7207d1670377"
                            }
                        }
                    }
                }
            ]
        }
      }
}