{
    "openapi": "3.0.0",
    "info": {
        "title": "ObjectStorage",
        "version": "1.0.0"
    },
    "servers": [
        {
            "url": "vb-catalog://backends/ObjectStorage",
            "description": "ObjectStorage"
        }
    ],
    "paths": {
        "/n/{namespaceName}/b/{bucketName}/o": {
            "parameters": [
                {
                    "name": "namespaceName",
                    "in": "path",
                    "required": true,
                    "schema": {
                        "type": "string"
                    }
                },
                {
                    "name": "bucketName",
                    "in": "path",
                    "required": true,
                    "schema": {
                        "type": "string"
                    }
                }
            ],
            "get": {
                "operationId": "getNNamespaceNameBBucketNameO",
                "responses": {
                    "default": {
                        "description": "Response for default",
                        "content": {
                            "application/json": {
                                "schema": {
                                    "$ref": "#/components/schemas/GetNNamespaceNameBBucketNameO"
                                },
                                "examples": {
                                    "vb": {
                                        "summary": "Example stored by VB User",
                                        "externalValue": "./examples/getNNamespaceNameBBucketNameO/response_default_application_json_vb.json"
                                    }
                                }
                            }
                        }
                    }
                },
                "x-vb": {
                    "actionHint": "getMany"
                }
            }
        },
        "/n/{namespaceName}/b/{bucketName}/o/{objectName}": {
            "parameters": [
                {
                    "name": "namespaceName",
                    "in": "path",
                    "required": true,
                    "schema": {
                        "type": "string"
                    }
                },
                {
                    "name": "bucketName",
                    "in": "path",
                    "required": true,
                    "schema": {
                        "type": "string"
                    }
                },
                {
                    "name": "objectName",
                    "in": "path",
                    "required": true,
                    "schema": {
                        "type": "string"
                    }
                }
            ],
            "put": {
                "operationId": "UploadObject",
                "responses": {},
                "x-vb": {
                    "actionHint": "create"
                }
            },
            "get": {
                "operationId": "DownloadObject",
                "responses": {},
                "x-vb": {
                    "actionHint": "getOne"
                }
            },
            "delete": {
                "operationId": "DeleteObject",
                "responses": {},
                "x-vb": {
                    "actionHint": "delete"
                }
            }
        }
    },
    "components": {
        "schemas": {
            "GetNNamespaceNameBBucketNameO": {
                "type": "object",
                "properties": {
                    "objects": {
                        "type": "array",
                        "items": {
                            "type": "object",
                            "properties": {
                                "name": {
                                    "type": "string"
                                }
                            }
                        }
                    }
                }
            }
        }
    }
}